Interval,Sample #,Date/Time,Light/Dark,Start Time,End Time,Duration (s),Weight (g),Accumulated (g),
1,1,11/26/2014 3:45:39 PM,Light,5/27/1980 3:45:04 PM,5/27/1980 3:45:29 PM,25,0.08,0.08,
1,2,11/26/2014 3:51:18 PM,Light,5/27/1980 3:45:49 PM,5/27/1980 3:51:07 PM,318,-0.19,-0.11,
1,3,11/26/2014 3:54:01 PM,Light,5/27/1980 3:51:21 PM,5/27/1980 3:53:50 PM,149,-0.19,-0.30,
1,4,11/26/2014 3:55:53 PM,Light,5/27/1980 3:54:04 PM,5/27/1980 3:55:43 PM,99,-0.05,-0.35,
1,5,11/26/2014 3:58:32 PM,Light,5/27/1980 3:55:54 PM,5/27/1980 3:58:22 PM,148,-0.18,-0.53,
1,6,11/26/2014 3:59:17 PM,Light,5/27/1980 3:58:41 PM,5/27/1980 3:59:06 PM,25,-0.16,-0.69,
1,7,11/26/2014 4:01:41 PM,Light,5/27/1980 4:00:29 PM,5/27/1980 4:01:30 PM,61,0.04,-0.65,
1,8,11/26/2014 4:05:46 PM,Light,5/27/1980 4:02:08 PM,5/27/1980 4:05:36 PM,208,0.13,-0.52,
1,9,11/26/2014 4:06:56 PM,Light,5/27/1980 4:05:48 PM,5/27/1980 4:06:46 PM,58,0.13,-0.39,
1,10,11/26/2014 4:08:55 PM,Light,5/27/1980 4:07:56 PM,5/27/1980 4:08:45 PM,49,0.12,-0.26,
1,11,11/26/2014 4:11:07 PM,Light,5/27/1980 4:09:04 PM,5/27/1980 4:10:56 PM,112,0.23,-0.03,
1,12,11/26/2014 4:14:08 PM,Light,5/27/1980 4:11:07 PM,5/27/1980 4:13:57 PM,170,-0.13,-0.16,
1,13,11/26/2014 4:14:30 PM,Light,5/27/1980 4:14:10 PM,5/27/1980 4:14:20 PM,10,-0.20,-0.36,
1,14,11/26/2014 4:15:32 PM,Light,5/27/1980 4:14:31 PM,5/27/1980 4:15:22 PM,51,0.31,-0.05,
2,15,11/26/2014 4:19:52 PM,Light,5/27/1980 4:15:33 PM,5/27/1980 4:19:41 PM,248,-0.14,-0.20,
2,16,11/26/2014 4:23:16 PM,Light,5/27/1980 4:21:13 PM,5/27/1980 4:23:05 PM,112,-0.10,-0.29,
2,17,11/26/2014 4:24:38 PM,Light,5/27/1980 4:23:23 PM,5/27/1980 4:24:28 PM,65,0.15,-0.14,
2,18,11/26/2014 4:26:14 PM,Light,5/27/1980 4:24:53 PM,5/27/1980 4:26:03 PM,70,-0.04,-0.18,
2,19,11/26/2014 4:31:24 PM,Light,5/27/1980 4:27:09 PM,5/27/1980 4:31:13 PM,244,-0.03,-0.21,
2,20,11/26/2014 4:35:36 PM,Light,5/27/1980 4:32:41 PM,5/27/1980 4:35:26 PM,165,-0.17,-0.38,
2,21,11/26/2014 4:35:52 PM,Light,5/27/1980 4:35:37 PM,5/27/1980 4:35:42 PM,5,0.15,-0.23,
2,22,11/26/2014 4:38:29 PM,Light,5/27/1980 4:36:07 PM,5/27/1980 4:38:18 PM,131,0.08,-0.15,
2,23,11/26/2014 4:42:46 PM,Light,5/27/1980 4:38:59 PM,5/27/1980 4:42:35 PM,216,-0.11,-0.26,
2,24,11/26/2014 4:45:52 PM,Light,5/27/1980 4:43:56 PM,5/27/1980 4:45:41 PM,105,-0.05,-0.31,
2,25,11/26/2014 4:47:18 PM,Light,5/27/1980 4:46:55 PM,5/27/1980 4:47:08 PM,13,0.11,-0.20,
2,26,11/26/2014 4:48:42 PM,Light,5/27/1980 4:48:20 PM,5/27/1980 4:48:30 PM,10,-0.14,-0.33,
3,27,11/26/2014 4:52:33 PM,Light,5/27/1980 4:48:57 PM,5/27/1980 4:52:22 PM,205,-0.09,-0.42,
3,28,11/26/2014 4:56:30 PM,Light,5/27/1980 4:55:04 PM,5/27/1980 4:56:19 PM,75,0.10,-0.32,
3,29,11/26/2014 4:58:35 PM,Light,5/27/1980 4:56:37 PM,5/27/1980 4:58:25 PM,108,-0.12,-0.44,
3,30,11/26/2014 4:59:13 PM,Light,5/27/1980 4:58:59 PM,5/27/1980 4:59:02 PM,3,0.09,-0.35,
3,31,11/26/2014 5:00:17 PM,Light,5/27/1980 4:59:27 PM,5/27/1980 5:00:05 PM,38,-0.17,-0.52,
3,32,11/26/2014 5:00:45 PM,Light,5/27/1980 5:00:24 PM,5/27/1980 5:00:34 PM,10,0.08,-0.45,
3,33,11/26/2014 5:01:55 PM,Light,5/27/1980 5:01:34 PM,5/27/1980 5:01:44 PM,10,0.12,-0.33,
3,34,11/26/2014 5:05:51 PM,Light,5/27/1980 5:02:03 PM,5/27/1980 5:05:41 PM,218,0.06,-0.27,
3,35,11/26/2014 5:07:20 PM,Light,5/27/1980 5:06:08 PM,5/27/1980 5:07:09 PM,61,0.13,-0.14,
3,36,11/26/2014 5:08:43 PM,Light,5/27/1980 5:07:25 PM,5/27/1980 5:08:33 PM,68,0.08,-0.06,
3,37,11/26/2014 5:12:11 PM,Light,5/27/1980 5:11:55 PM,5/27/1980 5:12:00 PM,5,0.07,0.01,
3,38,11/26/2014 5:14:33 PM,Light,5/27/1980 5:14:19 PM,5/27/1980 5:14:23 PM,4,-0.16,-0.15,
3,39,11/26/2014 5:17:02 PM,Light,5/27/1980 5:16:33 PM,5/27/1980 5:16:51 PM,18,-0.08,-0.23,
3,40,11/26/2014 5:18:12 PM,Light,5/27/1980 5:17:22 PM,5/27/1980 5:18:01 PM,39,0.06,-0.17,
3,41,11/26/2014 5:19:10 PM,Light,5/27/1980 5:18:12 PM,5/27/1980 5:18:59 PM,47,-0.23,-0.40,
4,42,11/26/2014 5:24:06 PM,Light,5/27/1980 5:23:01 PM,5/27/1980 5:23:55 PM,54,-0.24,-0.64,
4,43,11/26/2014 5:39:14 PM,Light,5/27/1980 5:24:06 PM,5/27/1980 5:39:03 PM,897,0.19,-0.44,
5,44,11/26/2014 5:53:49 PM,Light,5/27/1980 5:39:21 PM,5/27/1980 5:53:39 PM,858,0.17,-0.27,
5,45,11/26/2014 6:10:23 PM,Light,5/27/1980 5:55:01 PM,5/27/1980 6:10:12 PM,911,-0.15,-0.42,
6,46,11/26/2014 6:26:10 PM,Light,5/27/1980 6:10:30 PM,5/27/1980 6:25:59 PM,929,0.15,-0.27,
6,47,11/26/2014 6:43:04 PM,Light,5/27/1980 6:26:16 PM,5/27/1980 6:42:53 PM,997,0.20,-0.07,
6,48,11/26/2014 6:44:18 PM,Light,5/27/1980 6:43:56 PM,5/27/1980 6:44:08 PM,12,0.17,0.11,
6,49,11/26/2014 6:51:07 PM,Light,5/27/1980 6:44:30 PM,5/27/1980 6:50:56 PM,386,0.33,0.44,
6,50,11/26/2014 6:51:42 PM,Light,5/27/1980 6:51:13 PM,5/27/1980 6:51:31 PM,18,-0.06,0.38,
7,51,11/26/2014 6:59:20 PM,Dark,5/27/1980 6:54:33 PM,5/27/1980 6:59:10 PM,277,0.24,0.62,
7,52,11/26/2014 7:02:16 PM,Dark,5/27/1980 7:00:50 PM,5/27/1980 7:02:06 PM,76,-0.10,0.52,
7,53,11/26/2014 7:14:50 PM,Dark,5/27/1980 7:03:37 PM,5/27/1980 7:14:39 PM,662,0.19,0.71,
7,54,11/26/2014 7:15:04 PM,Dark,5/27/1980 7:14:50 PM,5/27/1980 7:14:53 PM,3,-0.05,0.66,
7,55,11/26/2014 7:15:26 PM,Dark,5/27/1980 7:15:13 PM,5/27/1980 7:15:15 PM,2,0.03,0.69,
7,56,11/26/2014 7:16:53 PM,Dark,5/27/1980 7:16:24 PM,5/27/1980 7:16:42 PM,18,0.08,0.77,
8,57,11/26/2014 7:33:09 PM,Dark,5/27/1980 7:16:54 PM,5/27/1980 7:32:59 PM,965,-0.10,0.68,
8,58,11/26/2014 7:50:09 PM,Dark,5/27/1980 7:33:10 PM,5/27/1980 7:49:58 PM,1008,0.05,0.73,
9,59,11/26/2014 8:06:38 PM,Dark,5/27/1980 7:50:09 PM,5/27/1980 8:06:28 PM,979,-0.22,0.51,
9,60,11/26/2014 8:22:19 PM,Dark,5/27/1980 8:06:52 PM,5/27/1980 8:22:08 PM,916,-0.09,0.42,
10,61,11/26/2014 8:38:11 PM,Dark,5/27/1980 8:22:42 PM,5/27/1980 8:38:01 PM,919,-0.04,0.38,
10,62,11/26/2014 8:40:14 PM,Dark,5/27/1980 8:38:13 PM,5/27/1980 8:40:04 PM,111,0.06,0.44,
10,63,11/26/2014 8:54:38 PM,Dark,5/27/1980 8:40:15 PM,5/27/1980 8:54:27 PM,852,-0.06,0.39,
10,64,11/26/2014 8:56:10 PM,Dark,5/27/1980 8:54:44 PM,5/27/1980 8:56:00 PM,76,0.06,0.44,
10,65,11/26/2014 8:57:31 PM,Dark,5/27/1980 8:56:11 PM,5/27/1980 8:57:20 PM,69,-0.08,0.37,
11,66,11/26/2014 9:10:52 PM,Dark,5/27/1980 8:57:32 PM,5/27/1980 9:10:40 PM,788,-0.27,0.10,
11,67,11/26/2014 9:11:56 PM,Dark,5/27/1980 9:11:12 PM,5/27/1980 9:11:45 PM,33,-0.15,-0.05,
11,68,11/26/2014 9:16:16 PM,Dark,5/28/1980 9:12:34 PM,5/28/1980 9:16:06 PM,212,0.04,0.00,
11,69,11/26/2014 9:21:55 PM,Dark,5/28/1980 9:16:17 PM,5/28/1980 9:21:45 PM,328,0.21,0.21,
11,70,11/26/2014 9:27:05 PM,Dark,5/28/1980 9:22:31 PM,5/28/1980 9:26:55 PM,264,0.88,1.09,
11,71,11/26/2014 9:28:43 PM,Dark,5/28/1980 9:28:29 PM,5/28/1980 9:28:32 PM,3,0.24,1.33,
11,72,11/26/2014 9:29:55 PM,Dark,5/28/1980 9:29:42 PM,5/28/1980 9:29:44 PM,2,0.17,1.51,
11,73,11/26/2014 9:30:41 PM,Dark,5/28/1980 9:29:57 PM,5/28/1980 9:30:31 PM,34,0.06,1.56,
12,74,11/26/2014 9:43:11 PM,Dark,5/28/1980 9:37:27 PM,5/28/1980 9:42:59 PM,332,-0.21,1.36,
12,75,11/26/2014 9:43:52 PM,Dark,5/28/1980 9:43:20 PM,5/28/1980 9:43:41 PM,21,-0.16,1.20,
12,76,11/26/2014 9:44:57 PM,Dark,5/28/1980 9:44:40 PM,5/28/1980 9:44:46 PM,6,0.07,1.27,
12,77,11/26/2014 9:46:27 PM,Dark,5/28/1980 9:46:13 PM,5/28/1980 9:46:16 PM,3,-0.20,1.07,
12,78,11/26/2014 9:47:02 PM,Dark,5/28/1980 9:46:28 PM,5/28/1980 9:46:52 PM,24,0.10,1.17,
12,79,11/26/2014 9:47:41 PM,Dark,5/28/1980 9:47:04 PM,5/28/1980 9:47:30 PM,26,0.08,1.25,
12,80,11/26/2014 9:49:34 PM,Dark,5/28/1980 9:48:22 PM,5/28/1980 9:49:23 PM,61,0.14,1.39,
12,81,11/26/2014 9:50:09 PM,Dark,5/28/1980 9:49:40 PM,5/28/1980 9:49:58 PM,18,-0.10,1.29,
13,82,11/26/2014 10:17:41 PM,Dark,5/28/1980 9:52:39 PM,5/28/1980 10:17:31 PM,1492,0.22,1.52,
13,83,11/26/2014 10:22:46 PM,Dark,5/28/1980 10:17:42 PM,5/28/1980 10:22:35 PM,293,-0.41,1.11,
13,84,11/26/2014 10:26:36 PM,Dark,5/28/1980 10:22:47 PM,5/28/1980 10:26:25 PM,218,0.17,1.28,
13,85,11/26/2014 10:31:02 PM,Dark,5/28/1980 10:26:42 PM,5/28/1980 10:30:52 PM,250,-0.08,1.20,
13,86,11/26/2014 10:37:00 PM,Dark,5/28/1980 10:36:36 PM,5/28/1980 10:36:49 PM,13,0.10,1.30,
13,87,11/26/2014 10:39:06 PM,Dark,5/28/1980 10:38:25 PM,5/28/1980 10:38:55 PM,30,-0.05,1.25,
14,88,11/26/2014 10:39:55 PM,Dark,5/28/1980 10:39:41 PM,5/28/1980 10:39:45 PM,4,0.11,1.36,
14,89,11/26/2014 10:40:39 PM,Dark,5/28/1980 10:40:25 PM,5/28/1980 10:40:29 PM,4,0.31,1.67,
14,90,11/26/2014 10:41:57 PM,Dark,5/28/1980 10:41:44 PM,5/28/1980 10:41:47 PM,3,-0.10,1.57,
14,91,11/26/2014 10:43:01 PM,Dark,5/28/1980 10:42:48 PM,5/28/1980 10:42:50 PM,2,-0.08,1.50,
14,92,11/26/2014 10:47:16 PM,Dark,5/28/1980 10:44:18 PM,5/28/1980 10:47:05 PM,167,-0.06,1.44,
14,93,11/26/2014 10:50:03 PM,Dark,5/28/1980 10:49:20 PM,5/28/1980 10:49:52 PM,32,0.04,1.48,
14,94,11/26/2014 10:51:59 PM,Dark,5/28/1980 10:51:21 PM,5/28/1980 10:51:48 PM,27,0.10,1.57,
14,95,11/26/2014 10:54:03 PM,Dark,5/28/1980 10:52:59 PM,5/28/1980 10:53:53 PM,54,-0.05,1.52,
14,96,11/26/2014 10:55:07 PM,Dark,5/28/1980 10:54:17 PM,5/28/1980 10:54:56 PM,39,0.18,1.71,
14,97,11/26/2014 10:55:52 PM,Dark,5/28/1980 10:55:36 PM,5/28/1980 10:55:41 PM,5,-0.13,1.57,
14,98,11/26/2014 10:57:31 PM,Dark,5/28/1980 10:56:04 PM,5/28/1980 10:57:20 PM,76,-0.11,1.47,
14,99,11/26/2014 10:58:01 PM,Dark,5/28/1980 10:57:44 PM,5/28/1980 10:57:50 PM,6,0.11,1.58,
14,100,11/26/2014 10:58:55 PM,Dark,5/28/1980 10:58:41 PM,5/28/1980 10:58:44 PM,3,0.05,1.62,
14,101,11/26/2014 10:59:31 PM,Dark,5/28/1980 10:58:55 PM,5/28/1980 10:59:20 PM,25,0.09,1.71,
14,102,11/26/2014 11:03:57 PM,Dark,5/28/1980 11:00:48 PM,5/28/1980 11:03:46 PM,178,-0.13,1.58,
14,103,11/26/2014 11:06:32 PM,Dark,5/28/1980 11:05:57 PM,5/28/1980 11:06:22 PM,25,-0.14,1.44,
14,104,11/26/2014 11:10:00 PM,Dark,5/28/1980 11:09:16 PM,5/28/1980 11:09:50 PM,34,-0.09,1.35,
14,105,11/26/2014 11:11:10 PM,Dark,5/28/1980 11:10:48 PM,5/28/1980 11:10:59 PM,11,-0.17,1.18,
15,106,11/26/2014 11:11:59 PM,Dark,5/28/1980 11:11:17 PM,5/28/1980 11:11:48 PM,31,-0.16,1.02,
15,107,11/26/2014 11:13:53 PM,Dark,5/28/1980 11:13:09 PM,5/28/1980 11:13:42 PM,33,-0.20,0.81,
15,108,11/26/2014 11:15:36 PM,Dark,5/28/1980 11:13:59 PM,5/28/1980 11:15:26 PM,87,0.05,0.86,
15,109,11/26/2014 11:15:58 PM,Dark,5/28/1980 11:15:38 PM,5/28/1980 11:15:48 PM,10,-0.05,0.81,
15,110,11/26/2014 11:16:35 PM,Dark,5/28/1980 11:16:07 PM,5/28/1980 11:16:24 PM,17,0.04,0.85,
15,111,11/26/2014 11:20:29 PM,Dark,5/28/1980 11:17:38 PM,5/28/1980 11:20:18 PM,160,0.24,1.09,
15,112,11/26/2014 11:21:04 PM,Dark,5/28/1980 11:20:52 PM,5/28/1980 11:20:54 PM,2,-0.03,1.05,
15,113,11/26/2014 11:22:42 PM,Dark,5/28/1980 11:22:28 PM,5/28/1980 11:22:31 PM,3,-0.16,0.89,
15,114,11/26/2014 11:23:42 PM,Dark,5/28/1980 11:23:09 PM,5/28/1980 11:23:32 PM,23,0.07,0.95,
15,115,11/26/2014 11:24:04 PM,Dark,5/28/1980 11:23:44 PM,5/28/1980 11:23:54 PM,10,0.05,1.00,
15,116,11/26/2014 11:25:11 PM,Dark,5/28/1980 11:24:47 PM,5/28/1980 11:25:00 PM,13,0.13,1.13,
15,117,11/26/2014 11:25:32 PM,Dark,5/28/1980 11:25:17 PM,5/28/1980 11:25:21 PM,4,-0.15,0.98,
15,118,11/26/2014 11:26:15 PM,Dark,5/28/1980 11:25:54 PM,5/28/1980 11:26:05 PM,11,-0.04,0.94,
15,119,11/26/2014 11:27:03 PM,Dark,5/28/1980 11:26:43 PM,5/28/1980 11:26:53 PM,10,-0.09,0.85,
15,120,11/26/2014 11:27:25 PM,Dark,5/28/1980 11:27:05 PM,5/28/1980 11:27:14 PM,9,0.11,0.95,
15,121,11/26/2014 11:28:04 PM,Dark,5/28/1980 11:27:26 PM,5/28/1980 11:27:53 PM,27,0.11,1.06,
15,122,11/26/2014 11:28:30 PM,Dark,5/28/1980 11:28:15 PM,5/28/1980 11:28:19 PM,4,-0.09,0.97,
15,123,11/26/2014 11:31:59 PM,Dark,5/28/1980 11:30:12 PM,5/28/1980 11:31:48 PM,96,-0.05,0.92,
15,124,11/26/2014 11:32:56 PM,Dark,5/28/1980 11:31:59 PM,5/28/1980 11:32:45 PM,46,-0.11,0.82,
15,125,11/26/2014 11:36:47 PM,Dark,5/28/1980 11:33:03 PM,5/28/1980 11:36:36 PM,213,-0.07,0.75,
15,126,11/26/2014 11:37:26 PM,Dark,5/28/1980 11:36:47 PM,5/28/1980 11:37:16 PM,29,0.08,0.83,
15,127,11/26/2014 11:39:28 PM,Dark,5/28/1980 11:39:15 PM,5/28/1980 11:39:18 PM,3,-0.14,0.69,
15,128,11/26/2014 11:40:06 PM,Dark,5/28/1980 11:39:47 PM,5/28/1980 11:39:55 PM,8,-0.10,0.59,
15,129,11/26/2014 11:41:23 PM,Dark,5/28/1980 11:40:47 PM,5/28/1980 11:41:12 PM,25,-0.03,0.55,
15,130,11/26/2014 11:42:36 PM,Dark,5/28/1980 11:42:22 PM,5/28/1980 11:42:25 PM,3,0.03,0.59,
15,131,11/26/2014 11:43:34 PM,Dark,5/28/1980 11:43:00 PM,5/28/1980 11:43:23 PM,23,-0.12,0.46,
16,132,11/26/2014 11:45:31 PM,Dark,5/28/1980 11:44:09 PM,5/28/1980 11:45:20 PM,71,0.06,0.52,
16,133,11/26/2014 11:48:33 PM,Dark,5/28/1980 11:48:19 PM,5/28/1980 11:48:23 PM,4,-0.04,0.48,
16,134,11/26/2014 11:49:33 PM,Dark,5/28/1980 11:49:11 PM,5/28/1980 11:49:22 PM,11,-0.15,0.33,
16,135,11/26/2014 11:53:12 PM,Dark,5/28/1980 11:49:39 PM,5/28/1980 11:53:02 PM,203,-0.06,0.27,
16,136,11/26/2014 11:57:07 PM,Dark,5/28/1980 11:56:36 PM,5/28/1980 11:56:56 PM,20,-0.08,0.19,
16,137,11/26/2014 11:59:53 PM,Dark,5/28/1980 11:58:42 PM,5/28/1980 11:59:42 PM,60,0.04,0.23,
16,138,11/27/2014 12:00:49 AM,Dark,5/28/1980 12:00:08 AM,5/28/1980 12:00:39 AM,31,0.09,0.32,
16,139,11/27/2014 12:01:34 AM,Dark,5/28/1980 12:01:05 AM,5/28/1980 12:01:24 AM,19,-0.05,0.27,
16,140,11/27/2014 12:07:49 AM,Dark,5/28/1980 12:04:39 AM,5/28/1980 12:07:39 AM,180,0.09,0.35,
16,141,11/27/2014 12:09:21 AM,Dark,5/28/1980 12:08:45 AM,5/28/1980 12:09:10 AM,25,-0.10,0.26,
16,142,11/27/2014 12:10:11 AM,Dark,5/28/1980 12:09:57 AM,5/28/1980 12:10:00 AM,3,0.05,0.31,
16,143,11/27/2014 12:10:41 AM,Dark,5/28/1980 12:10:18 AM,5/28/1980 12:10:30 AM,12,-0.03,0.27,
16,144,11/27/2014 12:14:05 AM,Dark,5/28/1980 12:11:10 AM,5/28/1980 12:13:54 AM,164,-0.06,0.21,
16,145,11/27/2014 12:14:41 AM,Dark,5/28/1980 12:14:11 AM,5/28/1980 12:14:30 AM,19,0.23,0.44,
17,146,11/27/2014 12:23:43 AM,Dark,5/28/1980 12:14:41 AM,5/28/1980 12:23:32 AM,531,-0.18,0.26,
17,147,11/27/2014 12:24:06 AM,Dark,5/28/1980 12:23:50 AM,5/28/1980 12:23:55 AM,5,-0.11,0.15,
17,148,11/27/2014 12:25:03 AM,Dark,5/28/1980 12:24:49 AM,5/28/1980 12:24:53 AM,4,0.07,0.21,
17,149,11/27/2014 12:26:15 AM,Dark,5/28/1980 12:25:17 AM,5/28/1980 12:26:04 AM,47,-0.08,0.13,
17,150,11/27/2014 12:26:52 AM,Dark,5/28/1980 12:26:30 AM,5/28/1980 12:26:41 AM,11,-0.12,0.02,
17,151,11/27/2014 12:40:26 AM,Dark,5/28/1980 12:27:28 AM,5/28/1980 12:40:16 AM,768,-0.05,-0.03,
17,152,11/27/2014 12:43:27 AM,Dark,5/28/1980 12:42:59 AM,5/28/1980 12:43:17 AM,18,-0.15,-0.18,
22,153,11/27/2014 3:12:03 AM,Dark,5/28/1980 12:43:35 AM,5/28/1980 3:11:53 AM,8898,-0.06,-0.25,
22,154,11/27/2014 3:13:44 AM,Dark,5/28/1980 3:13:31 AM,5/28/1980 3:13:34 AM,3,0.25,0.00,
22,155,11/27/2014 3:15:41 AM,Dark,5/28/1980 3:13:45 AM,5/28/1980 3:15:30 AM,105,-0.07,-0.07,
22,156,11/27/2014 3:16:57 AM,Dark,5/28/1980 3:16:01 AM,5/28/1980 3:16:47 AM,46,0.10,0.03,
22,157,11/27/2014 3:18:47 AM,Dark,5/28/1980 3:18:11 AM,5/28/1980 3:18:36 AM,25,-0.16,-0.13,
22,158,11/27/2014 3:19:14 AM,Dark,5/28/1980 3:18:47 AM,5/28/1980 3:19:04 AM,17,-0.05,-0.18,
22,159,11/27/2014 3:19:44 AM,Dark,5/28/1980 3:19:16 AM,5/28/1980 3:19:34 AM,18,-0.09,-0.27,
22,160,11/27/2014 3:21:06 AM,Dark,5/28/1980 3:20:11 AM,5/28/1980 3:20:55 AM,44,-0.08,-0.35,
22,161,11/27/2014 3:23:06 AM,Dark,5/28/1980 3:22:10 AM,5/28/1980 3:22:56 AM,46,0.14,-0.21,
23,162,11/27/2014 3:27:42 AM,Dark,5/28/1980 3:23:29 AM,5/28/1980 3:27:31 AM,242,-0.06,-0.27,
23,163,11/27/2014 3:29:51 AM,Dark,5/28/1980 3:29:22 AM,5/28/1980 3:29:40 AM,18,-0.16,-0.43,
23,164,11/27/2014 3:33:10 AM,Dark,5/28/1980 3:32:14 AM,5/28/1980 3:32:59 AM,45,0.09,-0.34,
23,165,11/27/2014 3:35:32 AM,Dark,5/28/1980 3:33:18 AM,5/28/1980 3:35:21 AM,123,-0.07,-0.42,
23,166,11/27/2014 3:45:48 AM,Dark,5/28/1980 3:35:32 AM,5/28/1980 3:45:37 AM,605,0.06,-0.35,
24,167,11/27/2014 4:17:22 AM,Dark,5/28/1980 3:45:49 AM,5/28/1980 4:17:11 AM,1882,-0.20,-0.55,
24,168,11/27/2014 4:17:43 AM,Dark,5/28/1980 4:17:29 AM,5/28/1980 4:17:32 AM,3,0.07,-0.48,
24,169,11/27/2014 4:18:26 AM,Dark,5/28/1980 4:18:05 AM,5/28/1980 4:18:15 AM,10,-0.07,-0.55,
24,170,11/27/2014 4:19:10 AM,Dark,5/28/1980 4:18:33 AM,5/28/1980 4:18:59 AM,26,-0.05,-0.60,
24,171,11/27/2014 4:19:51 AM,Dark,5/28/1980 4:19:23 AM,5/28/1980 4:19:41 AM,18,-0.04,-0.64,
24,172,11/27/2014 4:21:30 AM,Dark,5/28/1980 4:19:52 AM,5/28/1980 4:21:19 AM,87,0.16,-0.49,
24,173,11/27/2014 4:26:06 AM,Dark,5/28/1980 4:22:20 AM,5/28/1980 4:25:55 AM,215,0.04,-0.45,
25,174,11/27/2014 4:34:06 AM,Dark,5/28/1980 4:26:11 AM,5/28/1980 4:33:55 AM,464,-0.10,-0.55,
25,175,11/27/2014 4:34:44 AM,Dark,5/28/1980 4:34:06 AM,5/28/1980 4:34:33 AM,27,0.12,-0.43,
25,176,11/27/2014 4:35:48 AM,Dark,5/28/1980 4:34:52 AM,5/28/1980 4:35:38 AM,46,-0.18,-0.61,
25,177,11/27/2014 4:36:24 AM,Dark,5/28/1980 4:35:56 AM,5/28/1980 4:36:14 AM,18,0.11,-0.50,
25,178,11/27/2014 4:36:54 AM,Dark,5/28/1980 4:36:26 AM,5/28/1980 4:36:43 AM,17,0.13,-0.37,
25,179,11/27/2014 4:38:36 AM,Dark,5/28/1980 4:38:07 AM,5/28/1980 4:38:26 AM,19,-0.17,-0.54,
25,180,11/27/2014 4:38:57 AM,Dark,5/28/1980 4:38:37 AM,5/28/1980 4:38:47 AM,10,0.20,-0.34,
25,181,11/27/2014 4:39:48 AM,Dark,5/28/1980 4:39:34 AM,5/28/1980 4:39:37 AM,3,0.08,-0.26,
25,182,11/27/2014 4:50:18 AM,Dark,5/28/1980 4:42:11 AM,5/28/1980 4:50:07 AM,476,0.14,-0.12,
25,183,11/27/2014 4:53:46 AM,Dark,5/28/1980 4:53:03 AM,5/28/1980 4:53:36 AM,33,0.08,-0.03,
25,184,11/27/2014 4:56:53 AM,Dark,5/28/1980 4:54:45 AM,5/28/1980 4:56:43 AM,118,0.22,0.19,
26,185,11/27/2014 5:07:38 AM,Dark,5/28/1980 4:56:54 AM,5/28/1980 5:07:28 AM,634,-0.11,0.08,
26,186,11/27/2014 5:21:05 AM,Dark,5/28/1980 5:20:50 AM,5/28/1980 5:20:54 AM,4,0.27,0.34,
26,187,11/27/2014 5:22:23 AM,Dark,5/28/1980 5:21:54 AM,5/28/1980 5:22:13 AM,19,-0.05,0.29,
26,188,11/27/2014 5:23:06 AM,Dark,5/28/1980 5:22:52 AM,5/28/1980 5:22:56 AM,4,0.04,0.33,
26,189,11/27/2014 5:23:42 AM,Dark,5/28/1980 5:23:28 AM,5/28/1980 5:23:31 AM,3,-0.04,0.29,
26,190,11/27/2014 5:29:39 AM,Dark,5/28/1980 5:24:12 AM,5/28/1980 5:29:26 AM,314,-0.10,0.19,
26,191,11/27/2014 5:31:59 AM,Dark,5/28/1980 5:31:31 AM,5/28/1980 5:31:48 AM,17,0.28,0.47,
26,192,11/27/2014 5:32:34 AM,Dark,5/28/1980 5:32:12 AM,5/28/1980 5:32:24 AM,12,-0.21,0.25,
26,193,11/27/2014 5:33:33 AM,Dark,5/28/1980 5:32:35 AM,5/28/1980 5:33:22 AM,47,0.22,0.47,
27,194,11/27/2014 5:37:39 AM,Dark,5/28/1980 5:37:03 AM,5/28/1980 5:37:29 AM,26,0.12,0.59,
27,195,11/27/2014 5:38:38 AM,Dark,5/28/1980 5:37:42 AM,5/28/1980 5:38:27 AM,45,-0.04,0.55,
27,196,11/27/2014 5:39:20 AM,Dark,5/28/1980 5:38:59 AM,5/28/1980 5:39:09 AM,10,0.19,0.74,
27,197,11/27/2014 5:44:24 AM,Dark,5/28/1980 5:39:35 AM,5/28/1980 5:44:13 AM,278,-0.07,0.67,
27,198,11/27/2014 5:46:52 AM,Dark,5/28/1980 5:46:37 AM,5/28/1980 5:46:41 AM,4,0.32,0.99,
27,199,11/27/2014 5:47:21 AM,Dark,5/28/1980 5:46:52 AM,5/28/1980 5:47:10 AM,18,0.03,1.02,
27,200,11/27/2014 5:47:42 AM,Dark,5/28/1980 5:47:21 AM,5/28/1980 5:47:31 AM,10,-0.18,0.84,
27,201,11/27/2014 5:48:18 AM,Dark,5/28/1980 5:48:04 AM,5/28/1980 5:48:08 AM,4,0.07,0.92,
27,202,11/27/2014 5:48:56 AM,Dark,5/28/1980 5:48:41 AM,5/28/1980 5:48:45 AM,4,-0.19,0.73,
27,203,11/27/2014 5:58:14 AM,Dark,5/28/1980 5:54:01 AM,5/28/1980 5:58:03 AM,242,0.11,0.83,
27,204,11/27/2014 6:00:07 AM,Dark,5/28/1980 5:59:37 AM,5/28/1980 5:59:57 AM,20,-0.07,0.77,
27,205,11/27/2014 6:00:50 AM,Dark,5/28/1980 6:00:20 AM,5/28/1980 6:00:40 AM,20,0.08,0.84,
27,206,11/27/2014 6:02:52 AM,Dark,5/28/1980 6:02:38 AM,5/28/1980 6:02:42 AM,4,0.06,0.90,
27,207,11/27/2014 6:03:43 AM,Dark,5/28/1980 6:03:21 AM,5/28/1980 6:03:33 AM,12,-0.03,0.87,
27,208,11/27/2014 6:04:40 AM,Dark,5/28/1980 6:04:26 AM,5/28/1980 6:04:30 AM,4,0.07,0.94,
27,209,11/27/2014 6:05:16 AM,Dark,5/28/1980 6:04:55 AM,5/28/1980 6:05:05 AM,10,-0.12,0.82,
28,210,11/27/2014 6:09:35 AM,Dark,5/28/1980 6:06:02 AM,5/28/1980 6:09:25 AM,203,0.07,0.89,
28,211,11/27/2014 6:13:55 AM,Dark,5/28/1980 6:12:57 AM,5/28/1980 6:13:44 AM,47,0.22,1.11,
28,212,11/27/2014 6:14:21 AM,Dark,5/28/1980 6:14:09 AM,5/28/1980 6:14:11 AM,2,-0.13,0.98,
28,213,11/27/2014 6:22:50 AM,Dark,5/28/1980 6:19:33 AM,5/28/1980 6:22:39 AM,186,0.09,1.07,
28,214,11/27/2014 6:31:29 AM,Dark,5/28/1980 6:28:27 AM,5/28/1980 6:31:17 AM,170,-0.09,0.98,
28,215,11/27/2014 6:33:44 AM,Dark,5/28/1980 6:33:21 AM,5/28/1980 6:33:33 AM,12,-0.07,0.92,
28,216,11/27/2014 6:37:23 AM,Dark,5/28/1980 6:36:47 AM,5/28/1980 6:37:12 AM,25,0.03,0.95,
28,217,11/27/2014 6:37:44 AM,Dark,5/28/1980 6:37:23 AM,5/28/1980 6:37:34 AM,11,0.08,1.03,
29,218,11/27/2014 6:40:23 AM,Dark,5/28/1980 6:37:45 AM,5/28/1980 6:40:13 AM,148,0.08,1.11,
29,219,11/27/2014 6:41:38 AM,Dark,5/28/1980 6:41:09 AM,5/28/1980 6:41:28 AM,19,-0.08,1.03,
29,220,11/27/2014 6:44:41 AM,Dark,5/28/1980 6:44:26 AM,5/28/1980 6:44:31 AM,5,0.06,1.10,
29,221,11/27/2014 6:50:27 AM,Dark,5/28/1980 6:46:36 AM,5/28/1980 6:50:17 AM,221,0.16,1.26,
29,222,11/27/2014 6:50:43 AM,Dark,5/28/1980 6:50:28 AM,5/28/1980 6:50:32 AM,4,-0.13,1.12,
29,223,11/27/2014 6:50:59 AM,Dark,5/28/1980 6:50:44 AM,5/28/1980 6:50:48 AM,4,0.04,1.17,
29,224,11/27/2014 6:54:17 AM,Dark,5/28/1980 6:53:28 AM,5/28/1980 6:54:06 AM,38,0.18,1.34,
29,225,11/27/2014 7:00:27 AM,Dark,5/28/1980 6:59:22 AM,5/28/1980 7:00:16 AM,54,0.21,1.55,
29,226,11/27/2014 7:01:22 AM,Dark,5/28/1980 7:00:28 AM,5/28/1980 7:01:12 AM,44,-0.08,1.47,
29,227,11/27/2014 7:02:23 AM,Dark,5/28/1980 7:01:45 AM,5/28/1980 7:02:12 AM,27,0.16,1.63,
29,228,11/27/2014 7:02:37 AM,Dark,5/28/1980 7:02:23 AM,5/28/1980 7:02:26 AM,3,-0.09,1.53,
29,229,11/27/2014 7:05:44 AM,Dark,5/28/1980 7:05:23 AM,5/28/1980 7:05:33 AM,10,-0.04,1.49,
29,230,11/27/2014 7:06:48 AM,Dark,5/28/1980 7:06:27 AM,5/28/1980 7:06:37 AM,10,-0.04,1.45,
30,231,11/27/2014 7:10:32 AM,Light,5/28/1980 7:10:19 AM,5/28/1980 7:10:22 AM,3,-0.05,1.40,
30,232,11/27/2014 7:11:12 AM,Light,5/28/1980 7:10:33 AM,5/28/1980 7:11:01 AM,28,0.30,1.70,
30,233,11/27/2014 7:13:30 AM,Light,5/28/1980 7:11:18 AM,5/28/1980 7:13:19 AM,121,0.32,2.02,
30,234,11/27/2014 7:14:06 AM,Light,5/28/1980 7:13:40 AM,5/28/1980 7:13:55 AM,15,-0.12,1.91,
30,235,11/27/2014 7:16:32 AM,Light,5/28/1980 7:16:18 AM,5/28/1980 7:16:21 AM,3,0.15,2.06,
30,236,11/27/2014 7:17:02 AM,Light,5/28/1980 7:16:42 AM,5/28/1980 7:16:51 AM,9,0.19,2.24,
30,237,11/27/2014 7:26:39 AM,Light,5/28/1980 7:22:46 AM,5/28/1980 7:26:28 AM,222,-0.05,2.19,
30,238,11/27/2014 7:27:19 AM,Light,5/28/1980 7:26:41 AM,5/28/1980 7:27:09 AM,28,-0.11,2.08,
30,239,11/27/2014 7:30:29 AM,Light,5/28/1980 7:29:09 AM,5/28/1980 7:30:18 AM,69,0.12,2.20,
30,240,11/27/2014 7:33:28 AM,Light,5/28/1980 7:33:07 AM,5/28/1980 7:33:18 AM,11,-0.07,2.13,
30,241,11/27/2014 7:35:08 AM,Light,5/28/1980 7:34:40 AM,5/28/1980 7:34:57 AM,17,0.07,2.20,
30,242,11/27/2014 7:38:19 AM,Light,5/28/1980 7:35:16 AM,5/28/1980 7:38:08 AM,172,0.07,2.27,
31,243,11/27/2014 7:47:24 AM,Light,5/28/1980 7:44:05 AM,5/28/1980 7:47:14 AM,189,-0.05,2.22,
31,244,11/27/2014 7:49:01 AM,Light,5/28/1980 7:48:34 AM,5/28/1980 7:48:50 AM,16,0.10,2.32,
31,245,11/27/2014 7:50:35 AM,Light,5/28/1980 7:50:07 AM,5/28/1980 7:50:25 AM,18,0.13,2.45,
31,246,11/27/2014 7:56:57 AM,Light,5/28/1980 7:53:42 AM,5/28/1980 7:56:47 AM,185,-0.13,2.32,
31,247,11/27/2014 7:57:28 AM,Light,5/28/1980 7:57:14 AM,5/28/1980 7:57:18 AM,4,0.08,2.41,
31,248,11/27/2014 7:57:47 AM,Light,5/28/1980 7:57:30 AM,5/28/1980 7:57:36 AM,6,-0.19,2.22,
31,249,11/27/2014 8:00:06 AM,Light,5/28/1980 7:59:52 AM,5/28/1980 7:59:56 AM,4,0.06,2.27,
31,250,11/27/2014 8:00:43 AM,Light,5/28/1980 8:00:29 AM,5/28/1980 8:00:33 AM,4,0.21,2.49,
31,251,11/27/2014 8:01:12 AM,Light,5/28/1980 8:00:44 AM,5/28/1980 8:01:01 AM,17,-0.13,2.36,
31,252,11/27/2014 8:05:51 AM,Light,5/28/1980 8:05:37 AM,5/28/1980 8:05:40 AM,3,-0.06,2.30,
31,253,11/27/2014 8:09:24 AM,Light,5/28/1980 8:06:13 AM,5/28/1980 8:09:13 AM,180,-0.10,2.20,
31,254,11/27/2014 8:12:20 AM,Light,5/28/1980 8:11:52 AM,5/28/1980 8:12:09 AM,17,-0.13,2.07,
31,255,11/27/2014 8:12:59 AM,Light,5/28/1980 8:12:46 AM,5/28/1980 8:12:49 AM,3,-0.04,2.04,
32,256,11/27/2014 8:15:09 AM,Light,5/28/1980 8:14:09 AM,5/28/1980 8:14:59 AM,50,0.10,2.13,
32,257,11/27/2014 8:18:33 AM,Light,5/28/1980 8:15:20 AM,5/28/1980 8:18:22 AM,182,0.13,2.27,
32,258,11/27/2014 8:19:14 AM,Light,5/28/1980 8:18:34 AM,5/28/1980 8:19:03 AM,29,-0.04,2.23,
32,259,11/27/2014 8:19:58 AM,Light,5/28/1980 8:19:22 AM,5/28/1980 8:19:48 AM,26,0.04,2.27,
32,260,11/27/2014 8:23:04 AM,Light,5/28/1980 8:22:31 AM,5/28/1980 8:22:53 AM,22,0.18,2.45,
32,261,11/27/2014 8:23:31 AM,Light,5/28/1980 8:23:15 AM,5/28/1980 8:23:20 AM,5,0.09,2.54,
32,262,11/27/2014 8:31:57 AM,Light,5/28/1980 8:29:30 AM,5/28/1980 8:31:47 AM,137,0.11,2.65,
32,263,11/27/2014 8:32:28 AM,Light,5/28/1980 8:32:13 AM,5/28/1980 8:32:18 AM,5,0.11,2.76,
32,264,11/27/2014 8:36:29 AM,Light,5/28/1980 8:36:05 AM,5/28/1980 8:36:19 AM,14,-0.40,2.36,
32,265,11/27/2014 8:37:39 AM,Light,5/28/1980 8:36:48 AM,5/28/1980 8:37:29 AM,41,-0.03,2.33,
32,266,11/27/2014 8:40:32 AM,Light,5/28/1980 8:39:33 AM,5/28/1980 8:40:22 AM,49,-0.12,2.21,
32,267,11/27/2014 8:42:48 AM,Light,5/28/1980 8:42:24 AM,5/28/1980 8:42:38 AM,14,0.13,2.34,
33,268,11/27/2014 8:52:40 AM,Light,5/28/1980 8:52:19 AM,5/28/1980 8:52:30 AM,11,-0.04,2.30,
33,269,11/27/2014 8:55:32 AM,Light,5/28/1980 8:55:11 AM,5/28/1980 8:55:21 AM,10,0.06,2.36,
33,270,11/27/2014 9:00:50 AM,Light,5/28/1980 8:59:11 AM,5/28/1980 9:00:39 AM,88,-0.16,2.20,
33,271,11/27/2014 9:01:59 AM,Light,5/28/1980 9:00:56 AM,5/28/1980 9:01:47 AM,51,0.07,2.27,
33,272,11/27/2014 9:02:32 AM,Light,5/28/1980 9:02:01 AM,5/28/1980 9:02:21 AM,20,-0.11,2.16,
33,273,11/27/2014 9:09:36 AM,Light,5/28/1980 9:09:06 AM,5/28/1980 9:09:26 AM,20,0.03,2.19,
33,274,11/27/2014 9:13:21 AM,Light,5/28/1980 9:12:23 AM,5/28/1980 9:13:11 AM,48,-0.18,2.00,
33,275,11/27/2014 9:15:19 AM,Light,5/28/1980 9:13:28 AM,5/28/1980 9:15:08 AM,100,-0.04,1.96,
33,276,11/27/2014 9:15:41 AM,Light,5/28/1980 9:15:28 AM,5/28/1980 9:15:31 AM,3,-0.06,1.90,
33,277,11/27/2014 9:16:23 AM,Light,5/28/1980 9:16:07 AM,5/28/1980 9:16:11 AM,4,0.07,1.97,
33,278,11/27/2014 9:16:48 AM,Light,5/28/1980 9:16:24 AM,5/28/1980 9:16:37 AM,13,0.04,2.01,
34,279,11/27/2014 9:25:46 AM,Light,5/28/1980 9:25:10 AM,5/28/1980 9:25:35 AM,25,0.09,2.09,
34,280,11/27/2014 9:28:35 AM,Light,5/28/1980 9:26:39 AM,5/28/1980 9:28:24 AM,105,-0.05,2.05,
34,281,11/27/2014 9:36:49 AM,Light,5/28/1980 9:35:42 AM,5/28/1980 9:36:38 AM,56,0.04,2.09,
34,282,11/27/2014 9:37:35 AM,Light,5/28/1980 9:36:57 AM,5/28/1980 9:37:24 AM,27,0.17,2.25,
34,283,11/27/2014 9:39:55 AM,Light,5/28/1980 9:37:37 AM,5/28/1980 9:39:44 AM,127,-0.12,2.14,
35,284,11/27/2014 10:01:53 AM,Light,5/28/1980 9:59:46 AM,5/28/1980 10:01:43 AM,117,-0.04,2.10,
35,285,11/27/2014 10:02:09 AM,Light,5/28/1980 10:01:54 AM,5/28/1980 10:01:59 AM,5,-0.17,1.93,
35,286,11/27/2014 10:03:29 AM,Light,5/28/1980 10:03:15 AM,5/28/1980 10:03:18 AM,3,-0.15,1.78,
35,287,11/27/2014 10:04:01 AM,Light,5/28/1980 10:03:39 AM,5/28/1980 10:03:50 AM,11,-0.16,1.62,
35,288,11/27/2014 10:12:47 AM,Light,5/28/1980 10:12:26 AM,5/28/1980 10:12:37 AM,11,0.09,1.71,
35,289,11/27/2014 10:13:53 AM,Light,5/28/1980 10:12:48 AM,5/28/1980 10:13:43 AM,55,0.11,1.82,
35,290,11/27/2014 10:14:15 AM,Light,5/28/1980 10:13:54 AM,5/28/1980 10:14:05 AM,11,-0.10,1.71,
35,291,11/27/2014 10:15:45 AM,Light,5/28/1980 10:14:16 AM,5/28/1980 10:15:34 AM,78,-0.08,1.63,
36,292,11/27/2014 10:25:33 AM,Light,5/28/1980 10:21:59 AM,5/28/1980 10:25:22 AM,203,-0.05,1.58,
36,293,11/27/2014 10:30:10 AM,Light,5/28/1980 10:29:45 AM,5/28/1980 10:29:59 AM,14,0.16,1.74,
36,294,11/27/2014 10:34:58 AM,Light,5/28/1980 10:30:45 AM,5/28/1980 10:34:48 AM,243,-0.11,1.63,
36,295,11/27/2014 10:35:49 AM,Light,5/28/1980 10:34:59 AM,5/28/1980 10:35:38 AM,39,0.21,1.84,
36,296,11/27/2014 10:41:20 AM,Light,5/28/1980 10:39:24 AM,5/28/1980 10:41:09 AM,105,0.12,1.96,
36,297,11/27/2014 10:42:23 AM,Light,5/28/1980 10:42:09 AM,5/28/1980 10:42:12 AM,3,0.10,2.06,
36,298,11/27/2014 10:44:41 AM,Light,5/28/1980 10:42:24 AM,5/28/1980 10:44:30 AM,126,-0.04,2.03,
36,299,11/27/2014 10:44:58 AM,Light,5/28/1980 10:44:42 AM,5/28/1980 10:44:47 AM,5,0.06,2.09,
36,300,11/27/2014 10:45:29 AM,Light,5/28/1980 10:45:00 AM,5/28/1980 10:45:18 AM,18,0.06,2.15,
37,301,11/27/2014 11:06:10 AM,Light,5/28/1980 11:05:41 AM,5/28/1980 11:05:59 AM,18,0.04,2.19,
37,302,11/27/2014 11:06:41 AM,Light,5/28/1980 11:06:12 AM,5/28/1980 11:06:31 AM,19,0.06,2.26,
37,303,11/27/2014 11:08:27 AM,Light,5/28/1980 11:06:42 AM,5/28/1980 11:08:17 AM,95,0.05,2.30,
37,304,11/27/2014 11:15:00 AM,Light,5/28/1980 11:14:39 AM,5/28/1980 11:14:50 AM,11,-0.13,2.17,
37,305,11/27/2014 11:16:00 AM,Light,5/28/1980 11:15:10 AM,5/28/1980 11:15:49 AM,39,0.04,2.22,
37,306,11/27/2014 11:16:42 AM,Light,5/28/1980 11:16:00 AM,5/28/1980 11:16:31 AM,31,0.07,2.29,
37,307,11/27/2014 11:17:12 AM,Light,5/28/1980 11:16:49 AM,5/28/1980 11:17:02 AM,13,-0.06,2.22,
38,308,11/27/2014 11:24:58 AM,Light,5/28/1980 11:24:11 AM,5/28/1980 11:24:47 AM,36,0.03,2.25,
38,309,11/27/2014 11:25:44 AM,Light,5/28/1980 11:25:22 AM,5/28/1980 11:25:33 AM,11,0.14,2.39,
38,310,11/27/2014 11:26:32 AM,Light,5/28/1980 11:25:45 AM,5/28/1980 11:26:22 AM,37,-0.22,2.18,
38,311,11/27/2014 11:27:06 AM,Light,5/28/1980 11:26:49 AM,5/28/1980 11:26:56 AM,7,0.03,2.21,
38,312,11/27/2014 11:34:22 AM,Light,5/28/1980 11:34:07 AM,5/28/1980 11:34:11 AM,4,0.18,2.39,
38,313,11/27/2014 11:36:10 AM,Light,5/28/1980 11:34:53 AM,5/28/1980 11:36:00 AM,67,0.11,2.49,
38,314,11/27/2014 11:36:33 AM,Light,5/28/1980 11:36:19 AM,5/28/1980 11:36:23 AM,4,-0.10,2.39,
38,315,11/27/2014 11:37:05 AM,Light,5/28/1980 11:36:50 AM,5/28/1980 11:36:54 AM,4,0.11,2.50,
38,316,11/27/2014 11:45:08 AM,Light,5/28/1980 11:44:45 AM,5/28/1980 11:44:57 AM,12,-0.45,2.05,
38,317,11/27/2014 11:45:22 AM,Light,5/28/1980 11:45:08 AM,5/28/1980 11:45:11 AM,3,0.14,2.19,
38,318,11/27/2014 11:46:02 AM,Light,5/28/1980 11:45:22 AM,5/28/1980 11:45:51 AM,29,0.20,2.39,
38,319,11/27/2014 11:46:48 AM,Light,5/28/1980 11:46:10 AM,5/28/1980 11:46:37 AM,27,0.09,2.48,
38,320,11/27/2014 11:47:11 AM,Light,5/28/1980 11:46:57 AM,5/28/1980 11:47:00 AM,3,0.07,2.55,
38,321,11/27/2014 11:47:51 AM,Light,5/28/1980 11:47:36 AM,5/28/1980 11:47:41 AM,5,0.23,2.79,
39,322,11/27/2014 11:57:25 AM,Light,5/28/1980 11:56:39 AM,5/28/1980 11:57:14 AM,35,0.28,3.07,
39,323,11/27/2014 12:02:43 PM,Light,5/28/1980 12:02:01 PM,5/28/1980 12:02:31 PM,30,0.12,3.19,
39,324,11/27/2014 12:06:51 PM,Light,5/28/1980 12:06:27 PM,5/28/1980 12:06:40 PM,13,-0.11,3.09,
39,325,11/27/2014 12:07:33 PM,Light,5/28/1980 12:07:20 PM,5/28/1980 12:07:23 PM,3,-0.07,3.02,
39,326,11/27/2014 12:08:05 PM,Light,5/28/1980 12:07:35 PM,5/28/1980 12:07:55 PM,20,0.06,3.08,
39,327,11/27/2014 12:09:56 PM,Light,5/28/1980 12:09:30 PM,5/28/1980 12:09:45 PM,15,-0.07,3.00,
39,328,11/27/2014 12:14:31 PM,Light,5/28/1980 12:09:57 PM,5/28/1980 12:14:20 PM,263,0.23,3.23,
39,329,11/27/2014 12:15:17 PM,Light,5/28/1980 12:14:33 PM,5/28/1980 12:15:06 PM,33,0.09,3.32,
39,330,11/27/2014 12:18:46 PM,Light,5/28/1980 12:17:26 PM,5/28/1980 12:18:35 PM,69,0.11,3.42,
39,331,11/27/2014 12:19:23 PM,Light,5/28/1980 12:18:53 PM,5/28/1980 12:19:13 PM,20,0.07,3.50,
39,332,11/27/2014 12:19:40 PM,Light,5/28/1980 12:19:27 PM,5/28/1980 12:19:29 PM,2,-0.10,3.40,
39,333,11/27/2014 12:23:57 PM,Light,5/28/1980 12:23:37 PM,5/28/1980 12:23:46 PM,9,-0.05,3.35,
39,334,11/27/2014 12:27:04 PM,Light,5/28/1980 12:26:35 PM,5/28/1980 12:26:53 PM,18,0.11,3.46,
39,335,11/27/2014 12:28:22 PM,Light,5/28/1980 12:27:36 PM,5/28/1980 12:28:11 PM,35,0.05,3.51,
40,336,11/27/2014 12:29:03 PM,Light,5/28/1980 12:28:31 PM,5/28/1980 12:28:52 PM,21,-0.23,3.28,
40,337,11/27/2014 12:31:08 PM,Light,5/28/1980 12:30:46 PM,5/28/1980 12:30:58 PM,12,-0.03,3.24,
40,338,11/27/2014 12:35:12 PM,Light,5/28/1980 12:34:57 PM,5/28/1980 12:35:01 PM,4,-0.10,3.14,
40,339,11/27/2014 12:40:44 PM,Light,5/28/1980 12:40:29 PM,5/28/1980 12:40:33 PM,4,-0.15,2.99,
40,340,11/27/2014 12:41:28 PM,Light,5/28/1980 12:40:50 PM,5/28/1980 12:41:17 PM,27,0.19,3.18,
40,341,11/27/2014 12:43:01 PM,Light,5/28/1980 12:41:37 PM,5/28/1980 12:42:51 PM,74,0.16,3.34,
40,342,11/27/2014 12:49:51 PM,Light,5/28/1980 12:49:12 PM,5/28/1980 12:49:40 PM,28,-0.07,3.28,
40,343,11/27/2014 12:50:11 PM,Light,5/28/1980 12:49:57 PM,5/28/1980 12:50:00 PM,3,0.24,3.52,
40,344,11/27/2014 12:51:21 PM,Light,5/28/1980 12:50:13 PM,5/28/1980 12:51:11 PM,58,-0.08,3.44,
40,345,11/27/2014 12:51:54 PM,Light,5/28/1980 12:51:31 PM,5/28/1980 12:51:43 PM,12,0.17,3.60,
41,346,11/27/2014 1:04:20 PM,Light,5/28/1980 1:03:58 PM,5/28/1980 1:04:10 PM,12,-0.23,3.38,
41,347,11/27/2014 1:04:41 PM,Light,5/28/1980 1:04:26 PM,5/28/1980 1:04:30 PM,4,0.06,3.44,
41,348,11/27/2014 1:10:51 PM,Light,5/28/1980 1:07:39 PM,5/28/1980 1:10:40 PM,181,0.14,3.58,
41,349,11/27/2014 1:14:31 PM,Light,5/28/1980 1:14:17 PM,5/28/1980 1:14:20 PM,3,-0.07,3.50,
41,350,11/27/2014 1:18:32 PM,Light,5/28/1980 1:18:04 PM,5/28/1980 1:18:21 PM,17,0.22,3.73,
41,351,11/27/2014 1:19:55 PM,Light,5/28/1980 1:18:39 PM,5/28/1980 1:19:45 PM,66,-0.04,3.69,
41,352,11/27/2014 1:21:00 PM,Light,5/28/1980 1:19:57 PM,5/28/1980 1:20:50 PM,53,0.18,3.87,
41,353,11/27/2014 1:21:42 PM,Light,5/28/1980 1:21:25 PM,5/28/1980 1:21:31 PM,6,-0.11,3.76,
41,354,11/27/2014 1:23:51 PM,Light,5/28/1980 1:23:07 PM,5/28/1980 1:23:40 PM,33,-0.12,3.64,
41,355,11/27/2014 1:26:34 PM,Light,5/28/1980 1:26:17 PM,5/28/1980 1:26:24 PM,7,-0.06,3.58,
41,356,11/27/2014 1:30:25 PM,Light,5/28/1980 1:27:01 PM,5/28/1980 1:30:14 PM,193,0.10,3.68,
41,357,11/27/2014 1:30:48 PM,Light,5/28/1980 1:30:26 PM,5/28/1980 1:30:37 PM,11,-0.07,3.62,
42,358,11/27/2014 1:33:20 PM,Light,5/28/1980 1:32:46 PM,5/28/1980 1:33:08 PM,22,0.06,3.68,
42,359,11/27/2014 1:38:06 PM,Light,5/28/1980 1:36:51 PM,5/28/1980 1:37:55 PM,64,0.08,3.76,
42,360,11/27/2014 1:38:43 PM,Light,5/28/1980 1:38:13 PM,5/28/1980 1:38:32 PM,19,0.14,3.90,
42,361,11/27/2014 1:40:13 PM,Light,5/28/1980 1:39:49 PM,5/28/1980 1:40:02 PM,13,-0.10,3.80,
42,362,11/27/2014 1:40:55 PM,Light,5/28/1980 1:40:15 PM,5/28/1980 1:40:45 PM,30,0.15,3.95,
42,363,11/27/2014 1:52:40 PM,Light,5/28/1980 1:49:18 PM,5/28/1980 1:52:29 PM,191,-0.09,3.86,
43,364,11/27/2014 2:04:19 PM,Light,5/28/1980 2:04:06 PM,5/28/1980 2:04:09 PM,3,-0.16,3.71,
43,365,11/27/2014 2:09:25 PM,Light,5/28/1980 2:08:18 PM,5/28/1980 2:09:14 PM,56,0.03,3.74,
43,366,11/27/2014 2:11:08 PM,Light,5/28/1980 2:09:25 PM,5/28/1980 2:10:57 PM,92,-0.03,3.70,
43,367,11/27/2014 2:19:47 PM,Light,5/28/1980 2:19:00 PM,5/28/1980 2:19:36 PM,36,-0.04,3.66,
43,368,11/27/2014 2:20:11 PM,Light,5/28/1980 2:19:48 PM,5/28/1980 2:20:00 PM,12,0.09,3.75,
43,369,11/27/2014 2:20:58 PM,Light,5/28/1980 2:20:11 PM,5/28/1980 2:20:48 PM,37,-0.08,3.67,
43,370,11/27/2014 2:28:40 PM,Light,5/28/1980 2:28:26 PM,5/28/1980 2:28:29 PM,3,0.21,3.88,
43,371,11/27/2014 2:30:47 PM,Light,5/28/1980 2:28:41 PM,5/28/1980 2:30:36 PM,115,-0.07,3.80,
43,372,11/27/2014 2:31:21 PM,Light,5/28/1980 2:30:49 PM,5/28/1980 2:31:10 PM,21,0.08,3.88,
43,373,11/27/2014 2:34:40 PM,Light,5/28/1980 2:34:24 PM,5/28/1980 2:34:29 PM,5,0.13,4.01,
44,374,11/27/2014 2:39:55 PM,Light,5/28/1980 2:38:06 PM,5/28/1980 2:39:44 PM,98,-0.22,3.79,
44,375,11/27/2014 2:41:06 PM,Light,5/28/1980 2:39:55 PM,5/28/1980 2:40:55 PM,60,0.21,4.00,
44,376,11/27/2014 2:43:51 PM,Light,5/28/1980 2:43:30 PM,5/28/1980 2:43:40 PM,10,-0.05,3.95,
44,377,11/27/2014 2:50:24 PM,Light,5/28/1980 2:49:06 PM,5/28/1980 2:50:14 PM,68,0.17,4.12,
44,378,11/27/2014 2:55:29 PM,Light,5/28/1980 2:55:06 PM,5/28/1980 2:55:18 PM,12,-0.08,4.03,
44,379,11/27/2014 2:59:56 PM,Light,5/28/1980 2:59:33 PM,5/28/1980 2:59:46 PM,13,0.03,4.07,
45,380,11/27/2014 3:08:11 PM,Light,5/28/1980 3:07:17 PM,5/28/1980 3:08:00 PM,43,-0.15,3.91,
45,381,11/27/2014 3:09:08 PM,Light,5/28/1980 3:08:11 PM,5/28/1980 3:08:57 PM,46,-0.09,3.82,
45,382,11/27/2014 3:10:09 PM,Light,5/28/1980 3:09:39 PM,5/28/1980 3:09:58 PM,19,-0.03,3.78,
45,383,11/27/2014 3:14:06 PM,Light,5/28/1980 3:13:24 PM,5/28/1980 3:13:56 PM,32,0.05,3.84,
45,384,11/27/2014 3:20:18 PM,Light,5/28/1980 3:19:28 PM,5/28/1980 3:20:07 PM,39,0.31,4.15,
45,385,11/27/2014 3:32:32 PM,Light,5/28/1980 3:29:11 PM,5/28/1980 3:32:21 PM,190,-0.03,4.11,
45,386,11/27/2014 3:35:45 PM,Light,5/28/1980 3:35:30 PM,5/28/1980 3:35:34 PM,4,-0.07,4.04,
45,387,11/27/2014 3:36:30 PM,Light,5/28/1980 3:36:01 PM,5/28/1980 3:36:19 PM,18,0.03,4.08,
45,388,11/27/2014 3:39:47 PM,Light,5/28/1980 3:36:32 PM,5/28/1980 3:39:37 PM,185,0.12,4.19,
46,389,11/27/2014 3:40:30 PM,Light,5/28/1980 3:39:50 PM,5/28/1980 3:40:20 PM,30,-0.19,4.01,
46,390,11/27/2014 3:43:45 PM,Light,5/28/1980 3:40:31 PM,5/28/1980 3:43:35 PM,184,0.10,4.11,
46,391,11/27/2014 3:44:53 PM,Light,5/28/1980 3:44:31 PM,5/28/1980 3:44:43 PM,12,-0.04,4.07,
46,392,11/27/2014 3:49:40 PM,Light,5/28/1980 3:49:10 PM,5/28/1980 3:49:30 PM,20,0.04,4.11,
46,393,11/27/2014 3:51:04 PM,Light,5/28/1980 3:50:34 PM,5/28/1980 3:50:53 PM,19,0.18,4.29,
46,394,11/27/2014 3:51:42 PM,Light,5/28/1980 3:51:10 PM,5/28/1980 3:51:31 PM,21,0.20,4.49,
46,395,11/27/2014 3:52:45 PM,Light,5/28/1980 3:51:42 PM,5/28/1980 3:52:34 PM,52,0.08,4.57,
46,396,11/27/2014 4:00:18 PM,Light,5/28/1980 3:59:51 PM,5/28/1980 4:00:08 PM,17,0.19,4.76,
46,397,11/27/2014 4:01:02 PM,Light,5/28/1980 4:00:34 PM,5/28/1980 4:00:52 PM,18,0.04,4.80,
46,398,11/27/2014 4:03:17 PM,Light,5/28/1980 4:01:04 PM,5/28/1980 4:03:07 PM,123,0.06,4.87,
46,399,11/27/2014 4:05:17 PM,Light,5/28/1980 4:04:56 PM,5/28/1980 4:05:06 PM,10,0.05,4.91,
46,400,11/27/2014 4:06:01 PM,Light,5/28/1980 4:05:46 PM,5/28/1980 4:05:50 PM,4,-0.05,4.86,
47,401,11/27/2014 4:17:03 PM,Light,5/28/1980 4:16:39 PM,5/28/1980 4:16:52 PM,13,0.26,5.12,
47,402,11/27/2014 4:25:40 PM,Light,5/28/1980 4:22:57 PM,5/28/1980 4:25:30 PM,153,-0.04,5.08,
47,403,11/27/2014 4:37:00 PM,Light,5/28/1980 4:33:41 PM,5/28/1980 4:36:49 PM,188,-0.06,5.02,
48,404,11/27/2014 4:46:03 PM,Light,5/28/1980 4:43:11 PM,5/28/1980 4:45:53 PM,162,0.06,5.08,
48,405,11/27/2014 4:46:21 PM,Light,5/28/1980 4:46:05 PM,5/28/1980 4:46:11 PM,6,-0.09,4.99,
48,406,11/27/2014 4:52:54 PM,Light,5/28/1980 4:52:34 PM,5/28/1980 4:52:43 PM,9,-0.16,4.83,
48,407,11/27/2014 4:53:15 PM,Light,5/28/1980 4:52:55 PM,5/28/1980 4:53:05 PM,10,0.10,4.94,
48,408,11/27/2014 4:54:57 PM,Light,5/28/1980 4:53:24 PM,5/28/1980 4:54:46 PM,82,0.03,4.97,
48,409,11/27/2014 4:55:43 PM,Light,5/28/1980 4:55:22 PM,5/28/1980 4:55:33 PM,11,-0.08,4.89,
48,410,11/27/2014 5:05:36 PM,Light,5/28/1980 5:03:13 PM,5/28/1980 5:05:25 PM,132,-0.12,4.77,
48,411,11/27/2014 5:05:51 PM,Light,5/28/1980 5:05:36 PM,5/28/1980 5:05:40 PM,4,0.05,4.82,
49,412,11/27/2014 5:24:25 PM,Light,5/28/1980 5:23:10 PM,5/28/1980 5:24:14 PM,64,-0.03,4.79,
49,413,11/27/2014 5:26:11 PM,Light,5/28/1980 5:24:26 PM,5/28/1980 5:26:00 PM,94,-0.08,4.70,
49,414,11/27/2014 5:43:12 PM,Light,5/28/1980 5:40:19 PM,5/28/1980 5:43:01 PM,162,-0.23,4.47,
50,415,11/27/2014 5:53:27 PM,Light,5/28/1980 5:53:14 PM,5/28/1980 5:53:17 PM,3,-0.12,4.35,
50,416,11/27/2014 5:54:11 PM,Light,5/28/1980 5:53:58 PM,5/28/1980 5:54:01 PM,3,0.15,4.50,
50,417,11/27/2014 5:56:47 PM,Light,5/28/1980 5:56:34 PM,5/28/1980 5:56:36 PM,2,-0.04,4.46,
50,418,11/27/2014 6:00:05 PM,Light,5/28/1980 5:57:08 PM,5/28/1980 5:59:55 PM,167,0.18,4.64,
50,419,11/27/2014 6:07:28 PM,Light,5/28/1980 6:07:14 PM,5/28/1980 6:07:17 PM,3,0.13,4.77,
50,420,11/27/2014 6:11:22 PM,Light,5/28/1980 6:10:53 PM,5/28/1980 6:11:11 PM,18,-0.08,4.69,
50,421,11/27/2014 6:16:03 PM,Light,5/28/1980 6:12:47 PM,5/28/1980 6:15:52 PM,185,-0.04,4.66,
51,422,11/27/2014 6:20:30 PM,Light,5/28/1980 6:19:53 PM,5/28/1980 6:20:19 PM,26,-0.04,4.62,
51,423,11/27/2014 6:22:09 PM,Light,5/28/1980 6:21:49 PM,5/28/1980 6:21:58 PM,9,0.06,4.68,
51,424,11/27/2014 6:22:32 PM,Light,5/28/1980 6:22:09 PM,5/28/1980 6:22:21 PM,12,-0.10,4.58,
51,425,11/27/2014 6:25:18 PM,Light,5/28/1980 6:24:40 PM,5/28/1980 6:25:07 PM,27,-0.07,4.51,
51,426,11/27/2014 6:27:10 PM,Light,5/28/1980 6:26:07 PM,5/28/1980 6:27:00 PM,53,-0.22,4.29,
51,427,11/27/2014 6:28:30 PM,Light,5/28/1980 6:27:11 PM,5/28/1980 6:28:20 PM,69,0.28,4.58,
51,428,11/27/2014 6:29:20 PM,Light,5/28/1980 6:28:46 PM,5/28/1980 6:29:10 PM,24,0.16,4.73,
51,429,11/27/2014 6:29:41 PM,Light,5/28/1980 6:29:21 PM,5/28/1980 6:29:31 PM,10,-0.11,4.63,
51,430,11/27/2014 6:33:51 PM,Light,5/28/1980 6:29:43 PM,5/28/1980 6:33:40 PM,237,-0.07,4.56,
51,431,11/27/2014 6:37:37 PM,Light,5/28/1980 6:37:23 PM,5/28/1980 6:37:27 PM,4,-0.05,4.51,
51,432,11/27/2014 6:40:29 PM,Light,5/28/1980 6:40:01 PM,5/28/1980 6:40:19 PM,18,0.10,4.61,
51,433,11/27/2014 6:41:26 PM,Light,5/28/1980 6:41:12 PM,5/28/1980 6:41:16 PM,4,0.05,4.66,
51,434,11/27/2014 6:45:50 PM,Light,5/28/1980 6:45:33 PM,5/28/1980 6:45:39 PM,6,-0.08,4.59,
51,435,11/27/2014 6:50:19 PM,Light,5/28/1980 6:48:49 PM,5/28/1980 6:50:08 PM,79,-0.05,4.53,
52,436,11/27/2014 6:51:45 PM,Dark,5/28/1980 6:50:20 PM,5/28/1980 6:51:34 PM,74,0.04,4.58,
52,437,11/27/2014 6:54:00 PM,Dark,5/28/1980 6:52:43 PM,5/28/1980 6:53:50 PM,67,0.03,4.61,
52,438,11/27/2014 6:54:52 PM,Dark,5/28/1980 6:54:11 PM,5/28/1980 6:54:41 PM,30,-0.11,4.50,
52,439,11/27/2014 6:55:26 PM,Dark,5/28/1980 6:55:14 PM,5/28/1980 6:55:16 PM,2,0.12,4.62,
52,440,11/27/2014 6:57:20 PM,Dark,5/28/1980 6:56:59 PM,5/28/1980 6:57:09 PM,10,0.06,4.68,
52,441,11/27/2014 6:59:52 PM,Dark,5/28/1980 6:59:37 PM,5/28/1980 6:59:41 PM,4,-0.11,4.58,
52,442,11/27/2014 7:01:29 PM,Dark,5/28/1980 7:00:44 PM,5/28/1980 7:01:19 PM,35,0.08,4.66,
52,443,11/27/2014 7:03:45 PM,Dark,5/28/1980 7:03:21 PM,5/28/1980 7:03:35 PM,14,-0.12,4.53,
52,444,11/27/2014 7:05:20 PM,Dark,5/28/1980 7:04:20 PM,5/28/1980 7:05:08 PM,48,0.06,4.59,
52,445,11/27/2014 7:09:19 PM,Dark,5/28/1980 7:06:41 PM,5/28/1980 7:09:09 PM,148,-0.11,4.48,
52,446,11/27/2014 7:09:50 PM,Dark,5/28/1980 7:09:20 PM,5/28/1980 7:09:39 PM,19,0.05,4.54,
52,447,11/27/2014 7:13:31 PM,Dark,5/28/1980 7:13:18 PM,5/28/1980 7:13:21 PM,3,-0.10,4.44,
53,448,11/27/2014 7:25:46 PM,Dark,5/28/1980 7:22:53 PM,5/28/1980 7:25:35 PM,162,-0.17,4.26,
53,449,11/27/2014 7:26:35 PM,Dark,5/28/1980 7:25:47 PM,5/28/1980 7:26:25 PM,38,-0.06,4.20,
53,450,11/27/2014 7:33:29 PM,Dark,5/28/1980 7:33:16 PM,5/28/1980 7:33:19 PM,3,0.10,4.31,
53,451,11/27/2014 7:36:03 PM,Dark,5/28/1980 7:35:50 PM,5/28/1980 7:35:52 PM,2,-0.11,4.20,
53,452,11/27/2014 7:40:13 PM,Dark,5/28/1980 7:39:44 PM,5/28/1980 7:40:02 PM,18,-0.06,4.14,
53,453,11/27/2014 7:43:35 PM,Dark,5/28/1980 7:40:25 PM,5/28/1980 7:43:24 PM,179,-0.03,4.10,
54,454,11/27/2014 7:56:08 PM,Dark,5/28/1980 7:55:32 PM,5/28/1980 7:55:57 PM,25,-0.11,3.99,
54,455,11/27/2014 8:06:16 PM,Dark,5/28/1980 8:05:53 PM,5/28/1980 8:06:04 PM,11,0.14,4.13,
54,456,11/27/2014 8:09:48 PM,Dark,5/28/1980 8:09:34 PM,5/28/1980 8:09:37 PM,3,0.04,4.16,
54,457,11/27/2014 8:16:28 PM,Dark,5/28/1980 8:13:40 PM,5/28/1980 8:16:17 PM,157,0.05,4.21,
54,458,11/27/2014 8:21:25 PM,Dark,5/28/1980 8:21:05 PM,5/28/1980 8:21:15 PM,10,0.10,4.32,
54,459,11/27/2014 8:22:46 PM,Dark,5/28/1980 8:22:30 PM,5/28/1980 8:22:36 PM,6,-0.06,4.26,
54,460,11/27/2014 8:25:56 PM,Dark,5/28/1980 8:25:23 PM,5/28/1980 8:25:46 PM,23,0.12,4.37,
55,461,11/27/2014 8:31:26 PM,Dark,5/28/1980 8:30:17 PM,5/28/1980 8:31:16 PM,59,0.11,4.48,
55,462,11/27/2014 8:32:04 PM,Dark,5/28/1980 8:31:27 PM,5/28/1980 8:31:53 PM,26,-0.07,4.42,
55,463,11/27/2014 8:32:35 PM,Dark,5/28/1980 8:32:19 PM,5/28/1980 8:32:24 PM,5,0.24,4.65,
55,464,11/27/2014 8:36:15 PM,Dark,5/28/1980 8:36:01 PM,5/28/1980 8:36:04 PM,3,-0.05,4.60,
55,465,11/27/2014 8:37:50 PM,Dark,5/28/1980 8:37:36 PM,5/28/1980 8:37:39 PM,3,-0.08,4.52,
55,466,11/27/2014 8:38:12 PM,Dark,5/28/1980 8:37:51 PM,5/28/1980 8:38:02 PM,11,-0.05,4.47,
55,467,11/27/2014 8:39:59 PM,Dark,5/28/1980 8:38:56 PM,5/28/1980 8:39:49 PM,53,-0.05,4.42,
55,468,11/27/2014 8:41:27 PM,Dark,5/28/1980 8:40:09 PM,5/28/1980 8:41:16 PM,67,-0.08,4.34,
55,469,11/27/2014 8:42:37 PM,Dark,5/28/1980 8:41:49 PM,5/28/1980 8:42:26 PM,37,-0.03,4.31,
55,470,11/27/2014 8:44:18 PM,Dark,5/28/1980 8:43:25 PM,5/28/1980 8:44:07 PM,42,-0.19,4.12,
55,471,11/27/2014 8:44:44 PM,Dark,5/28/1980 8:44:18 PM,5/28/1980 8:44:33 PM,15,0.20,4.32,
55,472,11/27/2014 8:46:35 PM,Dark,5/28/1980 8:46:08 PM,5/28/1980 8:46:25 PM,17,-0.06,4.27,
55,473,11/27/2014 8:50:46 PM,Dark,5/28/1980 8:48:01 PM,5/28/1980 8:50:36 PM,155,0.23,4.50,
55,474,11/27/2014 8:51:01 PM,Dark,5/28/1980 8:50:48 PM,5/28/1980 8:50:51 PM,3,-0.06,4.43,
55,475,11/27/2014 8:57:16 PM,Dark,5/28/1980 8:56:56 PM,5/28/1980 8:57:05 PM,9,-0.23,4.20,
55,476,11/27/2014 8:58:28 PM,Dark,5/28/1980 8:57:54 PM,5/28/1980 8:58:17 PM,23,0.14,4.34,
56,477,11/27/2014 9:00:16 PM,Dark,5/28/1980 8:59:16 PM,5/28/1980 9:00:05 PM,49,0.25,4.59,
56,478,11/27/2014 9:00:50 PM,Dark,5/28/1980 9:00:20 PM,5/28/1980 9:00:40 PM,20,0.29,4.87,
56,479,11/27/2014 9:01:42 PM,Dark,5/28/1980 9:01:08 PM,5/28/1980 9:01:31 PM,23,0.37,5.24,
56,480,11/27/2014 9:08:31 PM,Dark,5/28/1980 9:05:31 PM,5/28/1980 9:08:20 PM,169,-0.09,5.15,
56,481,11/27/2014 9:10:29 PM,Dark,5/28/1980 9:10:09 PM,5/28/1980 9:10:18 PM,9,0.06,5.21,
56,482,11/27/2014 9:13:16 PM,Dark,5/29/1980 9:12:48 PM,5/29/1980 9:13:05 PM,17,-0.05,5.17,
56,483,11/27/2014 9:16:45 PM,Dark,5/29/1980 9:16:03 PM,5/29/1980 9:16:35 PM,32,0.05,5.22,
56,484,11/27/2014 9:17:22 PM,Dark,5/29/1980 9:17:04 PM,5/29/1980 9:17:11 PM,7,0.62,5.84,
56,485,11/27/2014 9:18:59 PM,Dark,5/29/1980 9:18:45 PM,5/29/1980 9:18:49 PM,4,-0.06,5.78,
56,486,11/27/2014 9:24:11 PM,Dark,5/29/1980 9:22:13 PM,5/29/1980 9:24:00 PM,107,0.15,5.92,
56,487,11/27/2014 9:24:42 PM,Dark,5/29/1980 9:24:12 PM,5/29/1980 9:24:32 PM,20,-0.04,5.88,
56,488,11/27/2014 9:25:14 PM,Dark,5/29/1980 9:24:45 PM,5/29/1980 9:25:04 PM,19,0.09,5.97,
56,489,11/27/2014 9:28:52 PM,Dark,5/29/1980 9:28:34 PM,5/29/1980 9:28:41 PM,7,0.09,6.06,
57,490,11/27/2014 9:30:09 PM,Dark,5/29/1980 9:29:54 PM,5/29/1980 9:29:59 PM,5,-0.07,5.98,
57,491,11/27/2014 9:30:43 PM,Dark,5/29/1980 9:30:26 PM,5/29/1980 9:30:31 PM,5,-0.08,5.90,
57,492,11/27/2014 9:32:08 PM,Dark,5/29/1980 9:31:55 PM,5/29/1980 9:31:58 PM,3,0.05,5.95,
57,493,11/27/2014 9:37:36 PM,Dark,5/29/1980 9:37:23 PM,5/29/1980 9:37:26 PM,3,-0.05,5.91,
57,494,11/27/2014 9:42:18 PM,Dark,5/29/1980 9:38:08 PM,5/29/1980 9:42:08 PM,240,-0.27,5.63,
57,495,11/27/2014 9:45:38 PM,Dark,5/29/1980 9:44:10 PM,5/29/1980 9:45:28 PM,78,0.03,5.66,
57,496,11/27/2014 9:47:37 PM,Dark,5/29/1980 9:47:21 PM,5/29/1980 9:47:27 PM,6,-0.03,5.63,
57,497,11/27/2014 9:50:03 PM,Dark,5/29/1980 9:49:43 PM,5/29/1980 9:49:53 PM,10,0.09,5.72,
57,498,11/27/2014 9:51:44 PM,Dark,5/29/1980 9:51:06 PM,5/29/1980 9:51:33 PM,27,0.05,5.77,
57,499,11/27/2014 9:53:48 PM,Dark,5/29/1980 9:53:28 PM,5/29/1980 9:53:37 PM,9,-0.06,5.71,
57,500,11/27/2014 9:54:03 PM,Dark,5/29/1980 9:53:49 PM,5/29/1980 9:53:52 PM,3,-0.11,5.61,
58,501,11/27/2014 10:02:29 PM,Dark,5/29/1980 10:02:12 PM,5/29/1980 10:02:19 PM,7,-0.14,5.46,
58,502,11/27/2014 10:04:04 PM,Dark,5/29/1980 10:03:47 PM,5/29/1980 10:03:54 PM,7,-0.15,5.32,
58,503,11/27/2014 10:05:09 PM,Dark,5/29/1980 10:04:37 PM,5/29/1980 10:04:58 PM,21,-0.06,5.26,
58,504,11/27/2014 10:13:03 PM,Dark,5/29/1980 10:11:08 PM,5/29/1980 10:12:52 PM,104,-0.11,5.15,
58,505,11/27/2014 10:13:18 PM,Dark,5/29/1980 10:13:04 PM,5/29/1980 10:13:08 PM,4,0.05,5.20,
58,506,11/27/2014 10:14:02 PM,Dark,5/29/1980 10:13:35 PM,5/29/1980 10:13:51 PM,16,0.12,5.32,
58,507,11/27/2014 10:18:17 PM,Dark,5/29/1980 10:18:00 PM,5/29/1980 10:18:06 PM,6,-0.24,5.08,
58,508,11/27/2014 10:23:13 PM,Dark,5/29/1980 10:22:50 PM,5/29/1980 10:23:02 PM,12,0.11,5.19,
58,509,11/27/2014 10:25:13 PM,Dark,5/29/1980 10:24:16 PM,5/29/1980 10:25:02 PM,46,-0.04,5.15,
58,510,11/27/2014 10:26:31 PM,Dark,5/29/1980 10:25:26 PM,5/29/1980 10:26:20 PM,54,0.08,5.23,
58,511,11/27/2014 10:27:00 PM,Dark,5/29/1980 10:26:43 PM,5/29/1980 10:26:49 PM,6,0.19,5.42,
58,512,11/27/2014 10:33:02 PM,Dark,5/29/1980 10:32:45 PM,5/29/1980 10:32:51 PM,6,0.06,5.47,
59,513,11/27/2014 10:43:08 PM,Dark,5/29/1980 10:42:53 PM,5/29/1980 10:42:58 PM,5,-0.09,5.39,
59,514,11/27/2014 10:45:00 PM,Dark,5/29/1980 10:43:53 PM,5/29/1980 10:44:50 PM,57,0.13,5.52,
59,515,11/27/2014 10:48:04 PM,Dark,5/29/1980 10:45:01 PM,5/29/1980 10:47:54 PM,173,-0.12,5.40,
59,516,11/27/2014 10:50:39 PM,Dark,5/29/1980 10:50:12 PM,5/29/1980 10:50:29 PM,17,-0.15,5.24,
59,517,11/27/2014 10:52:44 PM,Dark,5/29/1980 10:51:40 PM,5/29/1980 10:52:33 PM,53,-0.06,5.18,
59,518,11/27/2014 10:53:30 PM,Dark,5/29/1980 10:53:16 PM,5/29/1980 10:53:19 PM,3,-0.09,5.09,
59,519,11/27/2014 10:58:27 PM,Dark,5/29/1980 10:58:02 PM,5/29/1980 10:58:16 PM,14,-0.04,5.05,
59,520,11/27/2014 10:59:45 PM,Dark,5/29/1980 10:59:23 PM,5/29/1980 10:59:35 PM,12,0.08,5.13,
59,521,11/27/2014 11:00:07 PM,Dark,5/29/1980 10:59:51 PM,5/29/1980 10:59:57 PM,6,0.09,5.22,
59,522,11/27/2014 11:00:46 PM,Dark,5/29/1980 11:00:27 PM,5/29/1980 11:00:36 PM,9,0.23,5.45,
59,523,11/27/2014 11:03:07 PM,Dark,5/29/1980 11:02:31 PM,5/29/1980 11:02:56 PM,25,-0.14,5.31,
59,524,11/27/2014 11:04:02 PM,Dark,5/29/1980 11:03:14 PM,5/29/1980 11:03:50 PM,36,-0.06,5.25,
59,525,11/27/2014 11:04:55 PM,Dark,5/29/1980 11:04:11 PM,5/29/1980 11:04:44 PM,33,0.28,5.53,
60,526,11/27/2014 11:09:52 PM,Dark,5/29/1980 11:09:07 PM,5/29/1980 11:09:41 PM,34,-0.11,5.42,
60,527,11/27/2014 11:16:43 PM,Dark,5/29/1980 11:16:20 PM,5/29/1980 11:16:32 PM,12,-0.19,5.23,
60,528,11/27/2014 11:17:17 PM,Dark,5/29/1980 11:16:57 PM,5/29/1980 11:17:07 PM,10,-0.07,5.16,
60,529,11/27/2014 11:18:00 PM,Dark,5/29/1980 11:17:40 PM,5/29/1980 11:17:50 PM,10,0.09,5.25,
60,530,11/27/2014 11:20:55 PM,Dark,5/29/1980 11:19:06 PM,5/29/1980 11:20:45 PM,99,-0.06,5.19,
60,531,11/27/2014 11:31:47 PM,Dark,5/29/1980 11:31:19 PM,5/29/1980 11:31:37 PM,18,0.04,5.23,
60,532,11/27/2014 11:33:00 PM,Dark,5/29/1980 11:32:32 PM,5/29/1980 11:32:50 PM,18,0.49,5.72,
60,533,11/27/2014 11:35:23 PM,Dark,5/29/1980 11:34:03 PM,5/29/1980 11:35:13 PM,70,-0.04,5.67,
61,534,11/27/2014 11:38:21 PM,Dark,5/29/1980 11:36:13 PM,5/29/1980 11:38:11 PM,118,-0.14,5.54,
61,535,11/27/2014 11:38:45 PM,Dark,5/29/1980 11:38:22 PM,5/29/1980 11:38:35 PM,13,0.18,5.72,
61,536,11/27/2014 11:39:23 PM,Dark,5/29/1980 11:38:55 PM,5/29/1980 11:39:13 PM,18,0.17,5.88,
61,537,11/27/2014 11:39:59 PM,Dark,5/29/1980 11:39:34 PM,5/29/1980 11:39:49 PM,15,0.12,6.00,
61,538,11/27/2014 11:42:51 PM,Dark,5/29/1980 11:42:07 PM,5/29/1980 11:42:40 PM,33,0.06,6.06,
61,539,11/27/2014 11:46:18 PM,Dark,5/29/1980 11:45:55 PM,5/29/1980 11:46:08 PM,13,0.24,6.31,
61,540,11/27/2014 11:49:10 PM,Dark,5/29/1980 11:47:09 PM,5/29/1980 11:49:00 PM,111,0.14,6.44,
61,541,11/27/2014 11:52:01 PM,Dark,5/29/1980 11:51:37 PM,5/29/1980 11:51:50 PM,13,0.14,6.58,
61,542,11/27/2014 11:56:18 PM,Dark,5/29/1980 11:53:52 PM,5/29/1980 11:56:08 PM,136,0.14,6.72,
61,543,11/28/2014 12:06:16 AM,Dark,5/29/1980 12:05:41 AM,5/29/1980 12:06:05 AM,24,0.05,6.77,
62,544,11/28/2014 12:25:52 AM,Dark,5/29/1980 12:22:19 AM,5/29/1980 12:25:41 AM,202,0.17,6.94,
62,545,11/28/2014 12:26:45 AM,Dark,5/29/1980 12:26:19 AM,5/29/1980 12:26:34 AM,15,-0.06,6.88,
62,546,11/28/2014 12:27:08 AM,Dark,5/29/1980 12:26:50 AM,5/29/1980 12:26:58 AM,8,-0.06,6.82,
62,547,11/28/2014 12:31:44 AM,Dark,5/29/1980 12:28:43 AM,5/29/1980 12:31:33 AM,170,-0.05,6.77,
62,548,11/28/2014 12:35:22 AM,Dark,5/29/1980 12:34:57 AM,5/29/1980 12:35:11 AM,14,0.17,6.95,
62,549,11/28/2014 12:35:47 AM,Dark,5/29/1980 12:35:35 AM,5/29/1980 12:35:37 AM,2,0.06,7.01,
62,550,11/28/2014 12:40:17 AM,Dark,5/29/1980 12:39:58 AM,5/29/1980 12:40:06 AM,8,-0.05,6.95,
63,551,11/28/2014 12:55:47 AM,Dark,5/29/1980 12:53:49 AM,5/29/1980 12:55:36 AM,107,0.17,7.13,
63,552,11/28/2014 1:00:02 AM,Dark,5/29/1980 12:58:45 AM,5/29/1980 12:59:52 AM,67,0.21,7.34,
63,553,11/28/2014 1:00:32 AM,Dark,5/29/1980 1:00:15 AM,5/29/1980 1:00:21 AM,6,0.19,7.53,
63,554,11/28/2014 1:01:13 AM,Dark,5/29/1980 1:00:44 AM,5/29/1980 1:01:02 AM,18,-0.19,7.35,
63,555,11/28/2014 1:04:09 AM,Dark,5/29/1980 1:01:53 AM,5/29/1980 1:03:58 AM,125,-0.11,7.23,
63,556,11/28/2014 1:04:54 AM,Dark,5/29/1980 1:04:09 AM,5/29/1980 1:04:43 AM,34,0.16,7.39,
63,557,11/28/2014 1:07:12 AM,Dark,5/29/1980 1:06:56 AM,5/29/1980 1:07:02 AM,6,0.10,7.49,
63,558,11/28/2014 1:11:16 AM,Dark,5/29/1980 1:11:01 AM,5/29/1980 1:11:06 AM,5,0.06,7.55,
63,559,11/28/2014 1:11:36 AM,Dark,5/29/1980 1:11:21 AM,5/29/1980 1:11:26 AM,5,0.19,7.74,
63,560,11/28/2014 1:12:34 AM,Dark,5/29/1980 1:12:20 AM,5/29/1980 1:12:23 AM,3,-0.06,7.68,
63,561,11/28/2014 1:13:52 AM,Dark,5/29/1980 1:12:40 AM,5/29/1980 1:13:42 AM,62,0.05,7.72,
64,562,11/28/2014 1:17:41 AM,Dark,5/29/1980 1:16:53 AM,5/29/1980 1:17:31 AM,38,0.03,7.76,
64,563,11/28/2014 1:21:19 AM,Dark,5/29/1980 1:18:16 AM,5/29/1980 1:21:08 AM,172,-0.10,7.65,
64,564,11/28/2014 1:25:52 AM,Dark,5/29/1980 1:25:40 AM,5/29/1980 1:25:42 AM,2,-0.08,7.58,
64,565,11/28/2014 1:26:12 AM,Dark,5/29/1980 1:25:59 AM,5/29/1980 1:26:02 AM,3,-0.06,7.52,
64,566,11/28/2014 1:26:50 AM,Dark,5/29/1980 1:26:20 AM,5/29/1980 1:26:38 AM,18,-0.06,7.46,
64,567,11/28/2014 1:28:08 AM,Dark,5/29/1980 1:27:54 AM,5/29/1980 1:27:57 AM,3,0.13,7.59,
64,568,11/28/2014 1:29:54 AM,Dark,5/29/1980 1:28:50 AM,5/29/1980 1:29:43 AM,53,0.08,7.67,
64,569,11/28/2014 1:37:40 AM,Dark,5/29/1980 1:29:54 AM,5/29/1980 1:37:30 AM,456,-0.09,7.58,
64,570,11/28/2014 1:42:03 AM,Dark,5/29/1980 1:40:44 AM,5/29/1980 1:41:52 AM,68,-0.25,7.33,
64,571,11/28/2014 1:42:44 AM,Dark,5/29/1980 1:42:31 AM,5/29/1980 1:42:34 AM,3,-0.13,7.20,
64,572,11/28/2014 1:43:56 AM,Dark,5/29/1980 1:43:41 AM,5/29/1980 1:43:46 AM,5,0.19,7.40,
65,573,11/28/2014 1:45:06 AM,Dark,5/29/1980 1:44:12 AM,5/29/1980 1:44:56 AM,44,0.22,7.62,
65,574,11/28/2014 1:45:27 AM,Dark,5/29/1980 1:45:13 AM,5/29/1980 1:45:16 AM,3,0.14,7.76,
65,575,11/28/2014 1:46:09 AM,Dark,5/29/1980 1:45:56 AM,5/29/1980 1:45:59 AM,3,-0.16,7.60,
65,576,11/28/2014 1:47:34 AM,Dark,5/29/1980 1:47:05 AM,5/29/1980 1:47:24 AM,19,0.05,7.65,
65,577,11/28/2014 1:49:31 AM,Dark,5/29/1980 1:47:42 AM,5/29/1980 1:49:21 AM,99,-0.25,7.40,
65,578,11/28/2014 1:49:52 AM,Dark,5/29/1980 1:49:39 AM,5/29/1980 1:49:42 AM,3,0.05,7.44,
65,579,11/28/2014 1:55:30 AM,Dark,5/29/1980 1:51:39 AM,5/29/1980 1:55:20 AM,221,-0.09,7.36,
65,580,11/28/2014 2:02:30 AM,Dark,5/29/1980 2:02:15 AM,5/29/1980 2:02:19 AM,4,0.19,7.54,
65,581,11/28/2014 2:07:05 AM,Dark,5/29/1980 2:06:38 AM,5/29/1980 2:06:55 AM,17,-0.14,7.40,
65,582,11/28/2014 2:08:25 AM,Dark,5/29/1980 2:08:03 AM,5/29/1980 2:08:14 AM,11,0.10,7.50,
65,583,11/28/2014 2:09:08 AM,Dark,5/29/1980 2:08:47 AM,5/29/1980 2:08:57 AM,10,-0.04,7.46,
65,584,11/28/2014 2:09:49 AM,Dark,5/29/1980 2:09:22 AM,5/29/1980 2:09:38 AM,16,-0.04,7.42,
66,585,11/28/2014 2:17:01 AM,Dark,5/29/1980 2:16:40 AM,5/29/1980 2:16:50 AM,10,-0.04,7.38,
66,586,11/28/2014 2:21:00 AM,Dark,5/29/1980 2:20:32 AM,5/29/1980 2:20:49 AM,17,0.11,7.48,
66,587,11/28/2014 2:24:49 AM,Dark,5/29/1980 2:24:35 AM,5/29/1980 2:24:39 AM,4,-0.07,7.41,
66,588,11/28/2014 2:26:14 AM,Dark,5/29/1980 2:25:46 AM,5/29/1980 2:26:04 AM,18,0.11,7.52,
66,589,11/28/2014 2:27:12 AM,Dark,5/29/1980 2:26:57 AM,5/29/1980 2:27:01 AM,4,-0.08,7.44,
66,590,11/28/2014 2:30:47 AM,Dark,5/29/1980 2:27:18 AM,5/29/1980 2:30:37 AM,199,0.06,7.50,
66,591,11/28/2014 2:45:25 AM,Dark,5/29/1980 2:44:57 AM,5/29/1980 2:45:14 AM,17,-0.17,7.34,
66,592,11/28/2014 2:48:46 AM,Dark,5/29/1980 2:45:40 AM,5/29/1980 2:48:35 AM,175,0.12,7.46,
67,593,11/28/2014 2:59:15 AM,Dark,5/29/1980 2:58:46 AM,5/29/1980 2:59:05 AM,19,0.04,7.50,
67,594,11/28/2014 3:00:35 AM,Dark,5/29/1980 2:59:29 AM,5/29/1980 3:00:24 AM,55,0.04,7.54,
67,595,11/28/2014 3:00:54 AM,Dark,5/29/1980 3:00:35 AM,5/29/1980 3:00:44 AM,9,0.06,7.60,
67,596,11/28/2014 3:01:52 AM,Dark,5/29/1980 3:01:24 AM,5/29/1980 3:01:41 AM,17,-0.11,7.49,
67,597,11/28/2014 3:05:05 AM,Dark,5/29/1980 3:02:15 AM,5/29/1980 3:04:55 AM,160,-0.04,7.45,
67,598,11/28/2014 3:11:08 AM,Dark,5/29/1980 3:10:51 AM,5/29/1980 3:10:58 AM,7,-0.14,7.31,
67,599,11/28/2014 3:17:40 AM,Dark,5/29/1980 3:17:21 AM,5/29/1980 3:17:29 AM,8,-0.05,7.26,
67,600,11/28/2014 3:20:01 AM,Dark,5/29/1980 3:19:03 AM,5/29/1980 3:19:51 AM,48,0.11,7.37,
67,601,11/28/2014 3:20:17 AM,Dark,5/29/1980 3:20:04 AM,5/29/1980 3:20:07 AM,3,0.08,7.45,
68,602,11/28/2014 3:21:07 AM,Dark,5/29/1980 3:20:27 AM,5/29/1980 3:20:56 AM,29,-0.16,7.29,
68,603,11/28/2014 3:22:01 AM,Dark,5/29/1980 3:21:14 AM,5/29/1980 3:21:51 AM,37,0.08,7.37,
68,604,11/28/2014 3:22:48 AM,Dark,5/29/1980 3:22:31 AM,5/29/1980 3:22:38 AM,7,0.04,7.41,
68,605,11/28/2014 3:26:12 AM,Dark,5/29/1980 3:25:39 AM,5/29/1980 3:26:01 AM,22,0.05,7.46,
68,606,11/28/2014 3:30:36 AM,Dark,5/29/1980 3:30:14 AM,5/29/1980 3:30:26 AM,12,-0.06,7.40,
68,607,11/28/2014 3:33:52 AM,Dark,5/29/1980 3:32:49 AM,5/29/1980 3:33:42 AM,53,-0.04,7.36,
68,608,11/28/2014 3:36:32 AM,Dark,5/29/1980 3:35:01 AM,5/29/1980 3:36:22 AM,81,0.11,7.47,
68,609,11/28/2014 3:38:50 AM,Dark,5/29/1980 3:37:14 AM,5/29/1980 3:38:39 AM,85,-0.10,7.37,
68,610,11/28/2014 3:39:28 AM,Dark,5/29/1980 3:38:59 AM,5/29/1980 3:39:17 AM,18,-0.08,7.29,
68,611,11/28/2014 3:40:16 AM,Dark,5/29/1980 3:40:00 AM,5/29/1980 3:40:06 AM,6,-0.12,7.18,
69,612,11/28/2014 3:53:27 AM,Dark,5/29/1980 3:53:07 AM,5/29/1980 3:53:16 AM,9,-0.06,7.12,
69,613,11/28/2014 3:54:08 AM,Dark,5/29/1980 3:53:45 AM,5/29/1980 3:53:57 AM,12,0.05,7.17,
69,614,11/28/2014 4:01:53 AM,Dark,5/29/1980 4:01:39 AM,5/29/1980 4:01:42 AM,3,-0.06,7.11,
69,615,11/28/2014 4:08:39 AM,Dark,5/29/1980 4:08:16 AM,5/29/1980 4:08:29 AM,13,-0.05,7.06,
69,616,11/28/2014 4:15:14 AM,Dark,5/29/1980 4:11:42 AM,5/29/1980 4:15:04 AM,202,0.24,7.30,
69,617,11/28/2014 4:19:00 AM,Dark,5/29/1980 4:18:40 AM,5/29/1980 4:18:49 AM,9,-0.19,7.11,
69,618,11/28/2014 4:20:56 AM,Dark,5/29/1980 4:20:41 AM,5/29/1980 4:20:46 AM,5,-0.03,7.08,
69,619,11/28/2014 4:22:04 AM,Dark,5/29/1980 4:21:43 AM,5/29/1980 4:21:53 AM,10,0.11,7.18,
69,620,11/28/2014 4:22:39 AM,Dark,5/29/1980 4:22:24 AM,5/29/1980 4:22:28 AM,4,0.09,7.27,
69,621,11/28/2014 4:23:16 AM,Dark,5/29/1980 4:23:01 AM,5/29/1980 4:23:06 AM,5,0.05,7.32,
69,622,11/28/2014 4:24:41 AM,Dark,5/29/1980 4:24:20 AM,5/29/1980 4:24:30 AM,10,-0.09,7.22,
70,623,11/28/2014 4:25:52 AM,Dark,5/29/1980 4:25:24 AM,5/29/1980 4:25:41 AM,17,0.05,7.28,
70,624,11/28/2014 4:26:42 AM,Dark,5/29/1980 4:26:00 AM,5/29/1980 4:26:31 AM,31,0.15,7.43,
70,625,11/28/2014 4:27:47 AM,Dark,5/29/1980 4:26:49 AM,5/29/1980 4:27:36 AM,47,0.20,7.63,
70,626,11/28/2014 4:42:00 AM,Dark,5/29/1980 4:40:40 AM,5/29/1980 4:41:49 AM,69,-0.04,7.58,
70,627,11/28/2014 4:43:45 AM,Dark,5/29/1980 4:43:31 AM,5/29/1980 4:43:35 AM,4,0.11,7.69,
70,628,11/28/2014 4:46:27 AM,Dark,5/29/1980 4:45:12 AM,5/29/1980 4:46:17 AM,65,0.14,7.83,
70,629,11/28/2014 4:48:57 AM,Dark,5/29/1980 4:46:35 AM,5/29/1980 4:48:47 AM,132,0.16,7.99,
70,630,11/28/2014 4:49:23 AM,Dark,5/29/1980 4:49:06 AM,5/29/1980 4:49:12 AM,6,0.11,8.11,
70,631,11/28/2014 4:50:21 AM,Dark,5/29/1980 4:49:37 AM,5/29/1980 4:50:11 AM,34,0.04,8.15,
70,632,11/28/2014 4:52:41 AM,Dark,5/29/1980 4:52:04 AM,5/29/1980 4:52:31 AM,27,0.11,8.26,
71,633,11/28/2014 4:59:53 AM,Dark,5/29/1980 4:58:03 AM,5/29/1980 4:59:42 AM,99,0.15,8.41,
71,634,11/28/2014 5:05:38 AM,Dark,5/29/1980 4:59:59 AM,5/29/1980 5:05:27 AM,328,0.16,8.57,
71,635,11/28/2014 5:06:11 AM,Dark,5/29/1980 5:05:48 AM,5/29/1980 5:06:00 AM,12,-0.13,8.44,
71,636,11/28/2014 5:11:59 AM,Dark,5/29/1980 5:10:59 AM,5/29/1980 5:11:49 AM,50,0.11,8.55,
71,637,11/28/2014 5:13:28 AM,Dark,5/29/1980 5:13:11 AM,5/29/1980 5:13:17 AM,6,-0.15,8.40,
71,638,11/28/2014 5:13:57 AM,Dark,5/29/1980 5:13:43 AM,5/29/1980 5:13:47 AM,4,-0.07,8.33,
71,639,11/28/2014 5:15:27 AM,Dark,5/29/1980 5:15:04 AM,5/29/1980 5:15:17 AM,13,-0.11,8.22,
71,640,11/28/2014 5:23:53 AM,Dark,5/29/1980 5:22:48 AM,5/29/1980 5:23:42 AM,54,0.19,8.41,
71,641,11/28/2014 5:26:51 AM,Dark,5/29/1980 5:26:38 AM,5/29/1980 5:26:40 AM,2,-0.06,8.35,
72,642,11/28/2014 5:38:26 AM,Dark,5/29/1980 5:35:45 AM,5/29/1980 5:38:15 AM,150,0.09,8.44,
72,643,11/28/2014 5:38:56 AM,Dark,5/29/1980 5:38:32 AM,5/29/1980 5:38:46 AM,14,0.11,8.56,
72,644,11/28/2014 5:48:02 AM,Dark,5/29/1980 5:47:47 AM,5/29/1980 5:47:52 AM,5,-0.19,8.37,
72,645,11/28/2014 5:49:01 AM,Dark,5/29/1980 5:48:03 AM,5/29/1980 5:48:49 AM,46,0.10,8.47,
72,646,11/28/2014 5:49:39 AM,Dark,5/29/1980 5:49:17 AM,5/29/1980 5:49:28 AM,11,0.08,8.55,
72,647,11/28/2014 5:59:36 AM,Dark,5/29/1980 5:57:37 AM,5/29/1980 5:59:26 AM,109,0.11,8.66,
73,648,11/28/2014 6:00:30 AM,Dark,5/29/1980 5:59:45 AM,5/29/1980 6:00:20 AM,35,-0.08,8.58,
73,649,11/28/2014 6:01:11 AM,Dark,5/29/1980 6:00:48 AM,5/29/1980 6:01:00 AM,12,0.06,8.64,
73,650,11/28/2014 6:11:26 AM,Dark,5/29/1980 6:10:26 AM,5/29/1980 6:11:15 AM,49,-0.08,8.56,
73,651,11/28/2014 6:12:11 AM,Dark,5/29/1980 6:11:33 AM,5/29/1980 6:12:01 AM,28,-0.09,8.47,
73,652,11/28/2014 6:13:31 AM,Dark,5/29/1980 6:13:01 AM,5/29/1980 6:13:20 AM,19,0.06,8.53,
73,653,11/28/2014 6:14:11 AM,Dark,5/29/1980 6:13:49 AM,5/29/1980 6:14:01 AM,12,-0.17,8.36,
73,654,11/28/2014 6:14:26 AM,Dark,5/29/1980 6:14:12 AM,5/29/1980 6:14:16 AM,4,0.05,8.41,
73,655,11/28/2014 6:23:19 AM,Dark,5/29/1980 6:23:01 AM,5/29/1980 6:23:09 AM,8,0.15,8.56,
73,656,11/28/2014 6:24:26 AM,Dark,5/29/1980 6:24:13 AM,5/29/1980 6:24:15 AM,2,0.07,8.64,
73,657,11/28/2014 6:24:56 AM,Dark,5/29/1980 6:24:30 AM,5/29/1980 6:24:45 AM,15,-0.05,8.58,
73,658,11/28/2014 6:25:27 AM,Dark,5/29/1980 6:25:12 AM,5/29/1980 6:25:16 AM,4,-0.15,8.43,
73,659,11/28/2014 6:26:28 AM,Dark,5/29/1980 6:26:06 AM,5/29/1980 6:26:18 AM,12,0.25,8.68,
73,660,11/28/2014 6:27:05 AM,Dark,5/29/1980 6:26:35 AM,5/29/1980 6:26:54 AM,19,0.07,8.75,
74,661,11/28/2014 6:32:39 AM,Dark,5/29/1980 6:32:12 AM,5/29/1980 6:32:29 AM,17,0.15,8.90,
74,662,11/28/2014 6:33:33 AM,Dark,5/29/1980 6:33:12 AM,5/29/1980 6:33:22 AM,10,-0.16,8.74,
74,663,11/28/2014 6:39:05 AM,Dark,5/29/1980 6:33:54 AM,5/29/1980 6:38:54 AM,300,0.20,8.94,
74,664,11/28/2014 6:42:59 AM,Dark,5/29/1980 6:42:38 AM,5/29/1980 6:42:48 AM,10,-0.11,8.83,
74,665,11/28/2014 6:43:35 AM,Dark,5/29/1980 6:43:06 AM,5/29/1980 6:43:25 AM,19,-0.04,8.79,
74,666,11/28/2014 6:43:59 AM,Dark,5/29/1980 6:43:45 AM,5/29/1980 6:43:49 AM,4,-0.22,8.57,
74,667,11/28/2014 6:44:38 AM,Dark,5/29/1980 6:44:15 AM,5/29/1980 6:44:27 AM,12,0.08,8.65,
74,668,11/28/2014 6:45:19 AM,Dark,5/29/1980 6:44:55 AM,5/29/1980 6:45:08 AM,13,-0.09,8.56,
74,669,11/28/2014 6:46:13 AM,Dark,5/29/1980 6:45:35 AM,5/29/1980 6:46:02 AM,27,0.04,8.60,
74,670,11/28/2014 6:49:36 AM,Dark,5/29/1980 6:47:19 AM,5/29/1980 6:49:26 AM,127,-0.09,8.51,
74,671,11/28/2014 6:53:36 AM,Dark,5/29/1980 6:53:12 AM,5/29/1980 6:53:25 AM,13,-0.10,8.41,
74,672,11/28/2014 6:54:53 AM,Dark,5/29/1980 6:53:51 AM,5/29/1980 6:54:43 AM,52,0.13,8.54,
74,673,11/28/2014 6:55:56 AM,Dark,5/29/1980 6:55:02 AM,5/29/1980 6:55:45 AM,43,0.10,8.64,
74,674,11/28/2014 7:00:16 AM,Dark,5/29/1980 6:56:42 AM,5/29/1980 7:00:05 AM,203,0.03,8.67,
74,675,11/28/2014 7:01:19 AM,Dark,5/29/1980 7:01:05 AM,5/29/1980 7:01:09 AM,4,0.11,8.78,
75,676,11/28/2014 7:05:18 AM,Light,5/29/1980 7:04:56 AM,5/29/1980 7:05:07 AM,11,0.17,8.95,
75,677,11/28/2014 7:07:32 AM,Light,5/29/1980 7:07:05 AM,5/29/1980 7:07:22 AM,17,0.08,9.02,
75,678,11/28/2014 7:09:26 AM,Light,5/29/1980 7:08:12 AM,5/29/1980 7:09:15 AM,63,-0.05,8.97,
75,679,11/28/2014 7:13:08 AM,Light,5/29/1980 7:12:51 AM,5/29/1980 7:12:58 AM,7,-0.05,8.92,
75,680,11/28/2014 7:17:57 AM,Light,5/29/1980 7:16:58 AM,5/29/1980 7:17:46 AM,48,0.06,8.98,
75,681,11/28/2014 7:24:06 AM,Light,5/29/1980 7:22:31 AM,5/29/1980 7:23:56 AM,85,0.10,9.08,
75,682,11/28/2014 7:31:39 AM,Light,5/29/1980 7:31:03 AM,5/29/1980 7:31:29 AM,26,0.13,9.21,
76,683,11/28/2014 7:39:44 AM,Light,5/29/1980 7:39:20 AM,5/29/1980 7:39:32 AM,12,-0.16,9.05,
76,684,11/28/2014 7:41:42 AM,Light,5/29/1980 7:39:58 AM,5/29/1980 7:41:32 AM,94,-0.14,8.91,
76,685,11/28/2014 7:42:13 AM,Light,5/29/1980 7:41:50 AM,5/29/1980 7:42:03 AM,13,-0.08,8.82,
76,686,11/28/2014 7:51:34 AM,Light,5/29/1980 7:49:47 AM,5/29/1980 7:51:23 AM,96,-0.08,8.75,
76,687,11/28/2014 7:52:10 AM,Light,5/29/1980 7:51:56 AM,5/29/1980 7:51:59 AM,3,0.17,8.92,
76,688,11/28/2014 7:52:42 AM,Light,5/29/1980 7:52:13 AM,5/29/1980 7:52:31 AM,18,0.15,9.07,
76,689,11/28/2014 8:00:41 AM,Light,5/29/1980 7:59:26 AM,5/29/1980 8:00:30 AM,64,-0.05,9.02,
76,690,11/28/2014 8:02:41 AM,Light,5/29/1980 8:00:49 AM,5/29/1980 8:02:30 AM,101,-0.12,8.90,
76,691,11/28/2014 8:05:37 AM,Light,5/29/1980 8:05:15 AM,5/29/1980 8:05:26 AM,11,0.10,9.00,
77,692,11/28/2014 8:13:23 AM,Light,5/29/1980 8:12:37 AM,5/29/1980 8:13:12 AM,35,-0.06,8.94,
77,693,11/28/2014 8:14:55 AM,Light,5/29/1980 8:14:36 AM,5/29/1980 8:14:44 AM,8,-0.17,8.76,
77,694,11/28/2014 8:15:29 AM,Light,5/29/1980 8:15:01 AM,5/29/1980 8:15:18 AM,17,-0.11,8.66,
77,695,11/28/2014 8:17:55 AM,Light,5/29/1980 8:16:54 AM,5/29/1980 8:17:44 AM,50,0.09,8.74,
77,696,11/28/2014 8:24:57 AM,Light,5/29/1980 8:21:50 AM,5/29/1980 8:24:46 AM,176,-0.08,8.66,
77,697,11/28/2014 8:25:28 AM,Light,5/29/1980 8:25:14 AM,5/29/1980 8:25:18 AM,4,0.30,8.96,
77,698,11/28/2014 8:30:45 AM,Light,5/29/1980 8:29:26 AM,5/29/1980 8:30:34 AM,68,0.15,9.11,
77,699,11/28/2014 8:36:49 AM,Light,5/29/1980 8:33:45 AM,5/29/1980 8:36:38 AM,173,-0.04,9.07,
78,700,11/28/2014 8:46:29 AM,Light,5/29/1980 8:46:09 AM,5/29/1980 8:46:19 AM,10,-0.06,9.01,
78,701,11/28/2014 8:54:56 AM,Light,5/29/1980 8:52:49 AM,5/29/1980 8:54:46 AM,117,0.11,9.11,
78,702,11/28/2014 8:56:09 AM,Light,5/29/1980 8:54:57 AM,5/29/1980 8:55:58 AM,61,-0.18,8.94,
78,703,11/28/2014 9:05:03 AM,Light,5/29/1980 9:03:07 AM,5/29/1980 9:04:52 AM,105,0.06,8.99,
78,704,11/28/2014 9:06:46 AM,Light,5/29/1980 9:06:31 AM,5/29/1980 9:06:36 AM,5,0.07,9.07,
79,705,11/28/2014 9:19:34 AM,Light,5/29/1980 9:16:36 AM,5/29/1980 9:19:23 AM,167,-0.04,9.03,
79,706,11/28/2014 9:27:34 AM,Light,5/29/1980 9:25:25 AM,5/29/1980 9:27:23 AM,118,-0.17,8.86,
79,707,11/28/2014 9:28:30 AM,Light,5/29/1980 9:28:05 AM,5/29/1980 9:28:19 AM,14,-0.07,8.79,
79,708,11/28/2014 9:29:24 AM,Light,5/29/1980 9:28:44 AM,5/29/1980 9:29:14 AM,30,-0.13,8.66,
79,709,11/28/2014 9:40:25 AM,Light,5/29/1980 9:39:55 AM,5/29/1980 9:40:14 AM,19,-0.44,8.22,
79,710,11/28/2014 9:40:48 AM,Light,5/29/1980 9:40:25 AM,5/29/1980 9:40:37 AM,12,0.16,8.38,
80,711,11/28/2014 9:48:13 AM,Light,5/29/1980 9:47:30 AM,5/29/1980 9:48:01 AM,31,-0.04,8.34,
80,712,11/28/2014 9:48:59 AM,Light,5/29/1980 9:48:13 AM,5/29/1980 9:48:48 AM,35,0.08,8.42,
80,713,11/28/2014 9:49:14 AM,Light,5/29/1980 9:49:00 AM,5/29/1980 9:49:03 AM,3,-0.04,8.38,
80,714,11/28/2014 9:50:09 AM,Light,5/29/1980 9:49:14 AM,5/29/1980 9:49:59 AM,45,0.11,8.49,
80,715,11/28/2014 9:50:50 AM,Light,5/29/1980 9:50:10 AM,5/29/1980 9:50:38 AM,28,-0.07,8.42,
80,716,11/28/2014 9:59:41 AM,Light,5/29/1980 9:57:34 AM,5/29/1980 9:59:30 AM,116,0.11,8.53,
80,717,11/28/2014 10:00:36 AM,Light,5/29/1980 9:59:50 AM,5/29/1980 10:00:26 AM,36,0.06,8.59,
80,718,11/28/2014 10:11:51 AM,Light,5/29/1980 10:09:09 AM,5/29/1980 10:11:40 AM,151,0.05,8.64,
80,719,11/28/2014 10:12:23 AM,Light,5/29/1980 10:11:53 AM,5/29/1980 10:12:13 AM,20,0.10,8.74,
81,720,11/28/2014 10:19:24 AM,Light,5/29/1980 10:19:01 AM,5/29/1980 10:19:13 AM,12,0.11,8.85,
81,721,11/28/2014 10:22:11 AM,Light,5/29/1980 10:19:29 AM,5/29/1980 10:22:01 AM,152,-0.07,8.78,
81,722,11/28/2014 10:23:00 AM,Light,5/29/1980 10:22:45 AM,5/29/1980 10:22:49 AM,4,-0.13,8.65,
81,723,11/28/2014 10:32:07 AM,Light,5/29/1980 10:31:37 AM,5/29/1980 10:31:56 AM,19,0.06,8.70,
81,724,11/28/2014 10:34:25 AM,Light,5/29/1980 10:32:21 AM,5/29/1980 10:34:14 AM,113,-0.04,8.67,
81,725,11/28/2014 10:34:48 AM,Light,5/29/1980 10:34:26 AM,5/29/1980 10:34:37 AM,11,0.03,8.70,
81,726,11/28/2014 10:35:28 AM,Light,5/29/1980 10:34:49 AM,5/29/1980 10:35:18 AM,29,-0.05,8.65,
81,727,11/28/2014 10:35:59 AM,Light,5/29/1980 10:35:30 AM,5/29/1980 10:35:48 AM,18,0.12,8.76,
81,728,11/28/2014 10:41:45 AM,Light,5/29/1980 10:40:54 AM,5/29/1980 10:41:34 AM,40,-0.08,8.68,
81,729,11/28/2014 10:45:50 AM,Light,5/29/1980 10:45:03 AM,5/29/1980 10:45:39 AM,36,0.09,8.77,
82,730,11/28/2014 10:48:17 AM,Light,5/29/1980 10:46:19 AM,5/29/1980 10:48:06 AM,107,0.16,8.94,
82,731,11/28/2014 10:51:36 AM,Light,5/29/1980 10:51:21 AM,5/29/1980 10:51:26 AM,5,0.09,9.03,
82,732,11/28/2014 10:55:31 AM,Light,5/29/1980 10:53:53 AM,5/29/1980 10:55:20 AM,87,-0.05,8.98,
82,733,11/28/2014 10:56:08 AM,Light,5/29/1980 10:55:32 AM,5/29/1980 10:55:58 AM,26,0.19,9.17,
82,734,11/28/2014 10:59:12 AM,Light,5/29/1980 10:56:20 AM,5/29/1980 10:59:01 AM,161,-0.09,9.09,
82,735,11/28/2014 11:06:23 AM,Light,5/29/1980 11:05:54 AM,5/29/1980 11:06:12 AM,18,0.06,9.14,
82,736,11/28/2014 11:07:25 AM,Light,5/29/1980 11:06:47 AM,5/29/1980 11:07:14 AM,27,-0.25,8.89,
82,737,11/28/2014 11:07:49 AM,Light,5/29/1980 11:07:26 AM,5/29/1980 11:07:39 AM,13,0.16,9.05,
82,738,11/28/2014 11:10:13 AM,Light,5/29/1980 11:09:49 AM,5/29/1980 11:10:02 AM,13,-0.03,9.02,
82,739,11/28/2014 11:13:40 AM,Light,5/29/1980 11:13:20 AM,5/29/1980 11:13:30 AM,10,-0.16,8.86,
82,740,11/28/2014 11:14:45 AM,Light,5/29/1980 11:14:24 AM,5/29/1980 11:14:34 AM,10,0.08,8.94,
82,741,11/28/2014 11:15:54 AM,Light,5/29/1980 11:15:40 AM,5/29/1980 11:15:43 AM,3,-0.33,8.61,
82,742,11/28/2014 11:16:17 AM,Light,5/29/1980 11:15:55 AM,5/29/1980 11:16:06 AM,11,0.03,8.64,
82,743,11/28/2014 11:16:56 AM,Light,5/29/1980 11:16:25 AM,5/29/1980 11:16:46 AM,21,0.04,8.68,
82,744,11/28/2014 11:17:25 AM,Light,5/29/1980 11:17:12 AM,5/29/1980 11:17:15 AM,3,-0.07,8.61,
83,745,11/28/2014 11:29:18 AM,Light,5/29/1980 11:27:36 AM,5/29/1980 11:29:08 AM,92,-0.05,8.57,
83,746,11/28/2014 11:30:46 AM,Light,5/29/1980 11:29:20 AM,5/29/1980 11:30:35 AM,75,-0.05,8.52,
83,747,11/28/2014 11:31:35 AM,Light,5/29/1980 11:30:54 AM,5/29/1980 11:31:24 AM,30,-0.06,8.46,
83,748,11/28/2014 11:40:07 AM,Light,5/29/1980 11:39:46 AM,5/29/1980 11:39:56 AM,10,0.20,8.67,
83,749,11/28/2014 11:42:58 AM,Light,5/29/1980 11:42:36 AM,5/29/1980 11:42:47 AM,11,0.09,8.76,
83,750,11/28/2014 11:47:39 AM,Light,5/29/1980 11:47:10 AM,5/29/1980 11:47:28 AM,18,0.07,8.83,
84,751,11/28/2014 11:51:15 AM,Light,5/29/1980 11:50:45 AM,5/29/1980 11:51:04 AM,19,-0.18,8.66,
84,752,11/28/2014 11:53:56 AM,Light,5/29/1980 11:51:16 AM,5/29/1980 11:53:45 AM,149,0.19,8.84,
84,753,11/28/2014 11:54:19 AM,Light,5/29/1980 11:53:58 AM,5/29/1980 11:54:08 AM,10,-0.17,8.67,
84,754,11/28/2014 12:03:53 PM,Light,5/29/1980 12:01:29 PM,5/29/1980 12:03:42 PM,133,-0.06,8.62,
84,755,11/28/2014 12:04:42 PM,Light,5/29/1980 12:03:54 PM,5/29/1980 12:04:32 PM,38,0.05,8.67,
84,756,11/28/2014 12:14:43 PM,Light,5/29/1980 12:11:54 PM,5/29/1980 12:14:32 PM,158,0.17,8.84,
84,757,11/28/2014 12:15:22 PM,Light,5/29/1980 12:14:43 PM,5/29/1980 12:15:12 PM,29,-0.05,8.79,
85,758,11/28/2014 12:25:42 PM,Light,5/29/1980 12:22:21 PM,5/29/1980 12:25:31 PM,190,-0.08,8.71,
85,759,11/28/2014 12:26:13 PM,Light,5/29/1980 12:25:51 PM,5/29/1980 12:26:02 PM,11,0.05,8.76,
85,760,11/28/2014 12:36:04 PM,Light,5/29/1980 12:35:34 PM,5/29/1980 12:35:54 PM,20,-0.08,8.68,
85,761,11/28/2014 12:37:32 PM,Light,5/29/1980 12:36:05 PM,5/29/1980 12:37:21 PM,76,0.03,8.72,
85,762,11/28/2014 12:46:36 PM,Light,5/29/1980 12:45:56 PM,5/29/1980 12:46:25 PM,29,-0.33,8.39,
85,763,11/28/2014 12:46:52 PM,Light,5/29/1980 12:46:37 PM,5/29/1980 12:46:41 PM,4,0.27,8.65,
85,764,11/28/2014 12:47:16 PM,Light,5/29/1980 12:46:52 PM,5/29/1980 12:47:05 PM,13,-0.07,8.58,
85,765,11/28/2014 12:49:42 PM,Light,5/29/1980 12:49:30 PM,5/29/1980 12:49:32 PM,2,-0.04,8.54,
86,766,11/28/2014 12:59:09 PM,Light,5/29/1980 12:55:28 PM,5/29/1980 12:58:58 PM,210,0.24,8.78,
86,767,11/28/2014 1:00:36 PM,Light,5/29/1980 1:00:10 PM,5/29/1980 1:00:25 PM,15,-0.12,8.66,
86,768,11/28/2014 1:02:18 PM,Light,5/29/1980 1:00:48 PM,5/29/1980 1:02:08 PM,80,0.05,8.70,
86,769,11/28/2014 1:04:34 PM,Light,5/29/1980 1:02:24 PM,5/29/1980 1:04:23 PM,119,-0.03,8.67,
86,770,11/28/2014 1:07:03 PM,Light,5/29/1980 1:06:20 PM,5/29/1980 1:06:52 PM,32,-0.08,8.59,
86,771,11/28/2014 1:08:28 PM,Light,5/29/1980 1:07:41 PM,5/29/1980 1:08:17 PM,36,-0.05,8.54,
86,772,11/28/2014 1:09:24 PM,Light,5/29/1980 1:08:36 PM,5/29/1980 1:09:13 PM,37,-0.04,8.50,
86,773,11/28/2014 1:13:17 PM,Light,5/29/1980 1:13:02 PM,5/29/1980 1:13:06 PM,4,-0.03,8.47,
86,774,11/28/2014 1:18:21 PM,Light,5/29/1980 1:15:13 PM,5/29/1980 1:18:11 PM,178,0.14,8.61,
86,775,11/28/2014 1:19:27 PM,Light,5/29/1980 1:19:06 PM,5/29/1980 1:19:16 PM,10,0.12,8.73,
86,776,11/28/2014 1:22:19 PM,Light,5/29/1980 1:21:48 PM,5/29/1980 1:22:09 PM,21,-0.05,8.68,
86,777,11/28/2014 1:24:21 PM,Light,5/29/1980 1:24:03 PM,5/29/1980 1:24:10 PM,7,-0.06,8.62,
87,778,11/28/2014 1:30:16 PM,Light,5/29/1980 1:30:03 PM,5/29/1980 1:30:05 PM,2,0.09,8.71,
87,779,11/28/2014 1:32:24 PM,Light,5/29/1980 1:32:08 PM,5/29/1980 1:32:13 PM,5,0.18,8.88,
87,780,11/28/2014 1:33:03 PM,Light,5/29/1980 1:32:48 PM,5/29/1980 1:32:52 PM,4,0.21,9.09,
87,781,11/28/2014 1:43:26 PM,Light,5/29/1980 1:43:09 PM,5/29/1980 1:43:16 PM,7,-0.05,9.04,
87,782,11/28/2014 1:45:09 PM,Light,5/29/1980 1:43:37 PM,5/29/1980 1:44:59 PM,82,-0.04,8.99,
87,783,11/28/2014 1:46:22 PM,Light,5/29/1980 1:45:10 PM,5/29/1980 1:46:12 PM,62,0.14,9.13,
87,784,11/28/2014 1:46:46 PM,Light,5/29/1980 1:46:23 PM,5/29/1980 1:46:35 PM,12,0.10,9.23,
87,785,11/28/2014 1:58:26 PM,Light,5/29/1980 1:54:57 PM,5/29/1980 1:58:15 PM,198,-0.06,9.17,
88,786,11/28/2014 2:05:45 PM,Light,5/29/1980 2:05:31 PM,5/29/1980 2:05:35 PM,4,-0.12,9.05,
88,787,11/28/2014 2:13:53 PM,Light,5/29/1980 2:13:38 PM,5/29/1980 2:13:42 PM,4,0.21,9.26,
88,788,11/28/2014 2:22:41 PM,Light,5/29/1980 2:19:39 PM,5/29/1980 2:22:31 PM,172,-0.19,9.07,
88,789,11/28/2014 2:23:40 PM,Light,5/29/1980 2:23:28 PM,5/29/1980 2:23:30 PM,2,-0.12,8.96,
88,790,11/28/2014 2:24:22 PM,Light,5/29/1980 2:23:55 PM,5/29/1980 2:24:12 PM,17,0.17,9.13,
89,791,11/28/2014 2:32:24 PM,Light,5/29/1980 2:28:25 PM,5/29/1980 2:32:13 PM,228,0.23,9.36,
89,792,11/28/2014 2:44:39 PM,Light,5/29/1980 2:40:00 PM,5/29/1980 2:44:28 PM,268,-0.09,9.27,
89,793,11/28/2014 2:49:28 PM,Light,5/29/1980 2:48:59 PM,5/29/1980 2:49:17 PM,18,0.06,9.34,
89,794,11/28/2014 2:57:07 PM,Light,5/29/1980 2:53:35 PM,5/29/1980 2:56:57 PM,202,-0.05,9.29,
89,795,11/28/2014 2:59:40 PM,Light,5/29/1980 2:58:27 PM,5/29/1980 2:59:30 PM,63,0.07,9.35,
89,796,11/28/2014 2:59:59 PM,Light,5/29/1980 2:59:46 PM,5/29/1980 2:59:49 PM,3,0.17,9.52,
89,797,11/28/2014 3:00:34 PM,Light,5/29/1980 3:00:14 PM,5/29/1980 3:00:23 PM,9,0.16,9.69,
90,798,11/28/2014 3:07:21 PM,Light,5/29/1980 3:03:14 PM,5/29/1980 3:07:11 PM,237,-0.16,9.52,
90,799,11/28/2014 3:09:33 PM,Light,5/29/1980 3:09:19 PM,5/29/1980 3:09:22 PM,3,-0.19,9.34,
90,800,11/28/2014 3:10:37 PM,Light,5/29/1980 3:10:23 PM,5/29/1980 3:10:26 PM,3,0.05,9.39,
90,801,11/28/2014 3:15:42 PM,Light,5/29/1980 3:15:20 PM,5/29/1980 3:15:31 PM,11,-0.21,9.18,
90,802,11/28/2014 3:18:06 PM,Light,5/29/1980 3:15:43 PM,5/29/1980 3:17:56 PM,133,0.10,9.28,
90,803,11/28/2014 3:18:48 PM,Light,5/29/1980 3:18:17 PM,5/29/1980 3:18:37 PM,20,0.05,9.33,
90,804,11/28/2014 3:29:19 PM,Light,5/29/1980 3:25:54 PM,5/29/1980 3:29:09 PM,195,-0.06,9.27,
91,805,11/28/2014 3:35:02 PM,Light,5/29/1980 3:34:29 PM,5/29/1980 3:34:51 PM,22,0.20,9.47,
91,806,11/28/2014 3:44:00 PM,Light,5/29/1980 3:42:21 PM,5/29/1980 3:43:49 PM,88,0.07,9.54,
91,807,11/28/2014 3:44:45 PM,Light,5/29/1980 3:44:29 PM,5/29/1980 3:44:34 PM,5,-0.26,9.28,
91,808,11/28/2014 3:47:14 PM,Light,5/29/1980 3:44:57 PM,5/29/1980 3:47:04 PM,127,0.09,9.36,
91,809,11/28/2014 3:48:52 PM,Light,5/29/1980 3:47:17 PM,5/29/1980 3:48:42 PM,85,0.15,9.51,
91,810,11/28/2014 3:56:54 PM,Light,5/29/1980 3:54:00 PM,5/29/1980 3:56:44 PM,164,-0.09,9.42,
91,811,11/28/2014 3:57:26 PM,Light,5/29/1980 3:57:03 PM,5/29/1980 3:57:16 PM,13,-0.03,9.39,
91,812,11/28/2014 3:58:07 PM,Light,5/29/1980 3:57:29 PM,5/29/1980 3:57:56 PM,27,-0.03,9.36,
91,813,11/28/2014 3:58:22 PM,Light,5/29/1980 3:58:07 PM,5/29/1980 3:58:11 PM,4,-0.08,9.28,
91,814,11/28/2014 3:58:37 PM,Light,5/29/1980 3:58:22 PM,5/29/1980 3:58:27 PM,5,0.04,9.32,
92,815,11/28/2014 4:12:48 PM,Light,5/29/1980 4:08:01 PM,5/29/1980 4:12:36 PM,275,-0.09,9.23,
92,816,11/28/2014 4:25:21 PM,Light,5/29/1980 4:21:47 PM,5/29/1980 4:25:10 PM,203,-0.07,9.15,
92,817,11/28/2014 4:28:58 PM,Light,5/29/1980 4:28:41 PM,5/29/1980 4:28:47 PM,6,0.09,9.24,
92,818,11/28/2014 4:30:44 PM,Light,5/29/1980 4:30:30 PM,5/29/1980 4:30:33 PM,3,-0.12,9.12,
92,819,11/28/2014 4:35:15 PM,Light,5/29/1980 4:31:26 PM,5/29/1980 4:35:05 PM,219,-0.05,9.08,
93,820,11/28/2014 4:47:05 PM,Light,5/29/1980 4:42:44 PM,5/29/1980 4:46:55 PM,251,-0.05,9.03,
93,821,11/28/2014 4:59:43 PM,Light,5/29/1980 4:56:02 PM,5/29/1980 4:59:32 PM,210,-0.07,8.96,
93,822,11/28/2014 5:05:35 PM,Light,5/29/1980 5:05:13 PM,5/29/1980 5:05:24 PM,11,-0.07,8.89,
93,823,11/28/2014 5:06:26 PM,Light,5/29/1980 5:06:09 PM,5/29/1980 5:06:15 PM,6,0.11,9.01,
93,824,11/28/2014 5:07:12 PM,Light,5/29/1980 5:06:53 PM,5/29/1980 5:07:02 PM,9,-0.15,8.86,
93,825,11/28/2014 5:09:50 PM,Light,5/29/1980 5:07:13 PM,5/29/1980 5:09:39 PM,146,0.09,8.95,
94,826,11/28/2014 5:11:11 PM,Light,5/29/1980 5:10:55 PM,5/29/1980 5:10:59 PM,4,-0.03,8.92,
94,827,11/28/2014 5:13:23 PM,Light,5/29/1980 5:13:10 PM,5/29/1980 5:13:13 PM,3,-0.20,8.72,
94,828,11/28/2014 5:13:53 PM,Light,5/29/1980 5:13:32 PM,5/29/1980 5:13:42 PM,10,-0.14,8.58,
94,829,11/28/2014 5:15:33 PM,Light,5/29/1980 5:15:19 PM,5/29/1980 5:15:23 PM,4,0.15,8.73,
94,830,11/28/2014 5:15:49 PM,Light,5/29/1980 5:15:34 PM,5/29/1980 5:15:38 PM,4,-0.24,8.49,
94,831,11/28/2014 5:17:47 PM,Light,5/29/1980 5:16:37 PM,5/29/1980 5:17:36 PM,59,0.06,8.56,
94,832,11/28/2014 5:18:03 PM,Light,5/29/1980 5:17:48 PM,5/29/1980 5:17:52 PM,4,-0.24,8.31,
94,833,11/28/2014 5:19:07 PM,Light,5/29/1980 5:18:23 PM,5/29/1980 5:18:56 PM,33,-0.11,8.20,
95,834,11/28/2014 5:52:50 PM,Light,5/29/1980 5:19:27 PM,5/29/1980 5:52:39 PM,1992,0.18,8.39,
95,835,11/28/2014 5:59:31 PM,Light,5/29/1980 5:56:15 PM,5/29/1980 5:59:20 PM,185,-0.09,8.30,
95,836,11/28/2014 6:01:19 PM,Light,5/29/1980 6:00:58 PM,5/29/1980 6:01:08 PM,10,0.15,8.44,
95,837,11/28/2014 6:01:55 PM,Light,5/29/1980 6:01:34 PM,5/29/1980 6:01:45 PM,11,0.05,8.49,
95,838,11/28/2014 6:03:14 PM,Light,5/29/1980 6:02:38 PM,5/29/1980 6:03:04 PM,26,0.07,8.56,
95,839,11/28/2014 6:05:57 PM,Light,5/29/1980 6:05:30 PM,5/29/1980 6:05:47 PM,17,0.08,8.65,
95,840,11/28/2014 6:07:04 PM,Light,5/29/1980 6:05:58 PM,5/29/1980 6:06:53 PM,55,0.18,8.83,
95,841,11/28/2014 6:09:04 PM,Light,5/29/1980 6:07:16 PM,5/29/1980 6:08:54 PM,98,0.14,8.97,
96,842,11/28/2014 6:16:37 PM,Light,5/29/1980 6:10:01 PM,5/29/1980 6:16:26 PM,385,-0.06,8.91,
205,843,12/1/2014 4:28:06 AM,Dark,5/29/1980 6:16:37 PM,6/1/1980 4:27:55 AM,209478,7.70,16.61,
228,844,12/1/2014 4:36:53 PM,Light,6/1/1980 4:28:06 AM,6/1/1980 4:36:43 PM,43717,212.08,228.69,
